classincompid,orderinday,totalcost,day_of_week,classes_per_competition,field_avg_past_entries,classname_avg_past_entries,horse_futurity,horse_novice,horse_derby,rider_youth,rider_adult_plus,fed_NRHA,fed_NCHA,fed_EXCA,rider_open,rider_non_pro,rider_yaroki,rider_pro,rider_limited,subtype_cow_horse,subtype_premium,subtype_platinum,subtype_trail,subtype_horsemanship,subtype_pleasure,subtype_hunt_seat,subtype_hunter_under_saddle,subtype_walk_jog,subtype_range_sorting,subtype_intermediate,subtype_young_gun,is_practice,has_prize_shovar,has_prize_jackpot,has_prize_added_money,prize_jackpot_posted_amount,prize_added_money_amount,month_4,month_5,month_6,month_8,month_9,month_10,month_11,month_12,predicted_entrycount
619,1,500.0,3,28,8.31060606060606,12.666666666666666,0,0,0,0,0,1,0,0,0,1,0,0,0,0,0,0,0,0,0,0,0,0,0,0,0,0,0,1,1,140.0,4000.0,0,0,1,0,0,0,0,0,13.113004436236986
620,2,360.0,3,28,8.31060606060606,8.5,0,0,0,0,0,1,0,0,0,1,0,0,1,0,0,0,0,0,0,0,0,0,0,0,0,0,0,1,1,90.0,1200.0,0,0,1,0,0,0,0,0,8.639151704787267
621,3,400.0,3,28,8.31060606060606,4.5,0,0,0,0,0,1,0,0,1,0,0,0,1,0,0,0,0,0,0,0,0,0,0,0,0,0,0,1,1,105.0,2000.0,0,0,1,0,0,0,0,0,4.9578926386889055
622,4,360.0,3,28,8.31060606060606,9.0,0,1,0,0,0,1,0,0,1,0,0,0,0,0,0,0,0,0,0,0,0,0,0,0,0,0,0,1,1,90.0,1200.0,0,0,1,0,0,0,0,0,9.682009024041239
623,5,400.0,3,28,8.31060606060606,9.75,0,0,0,0,0,1,0,0,1,0,0,0,0,0,0,0,0,0,0,0,0,0,0,0,0,0,0,1,1,90.0,4400.0,0,0,1,0,0,0,0,0,10.547264591414258
624,6,360.0,3,28,8.31060606060606,4.5,0,0,0,0,1,1,0,0,0,1,0,0,0,0,0,0,0,0,0,0,0,0,0,0,0,0,0,1,1,90.0,1200.0,0,0,1,0,0,0,0,0,4.797046153911364
625,7,40.0,3,28,8.31060606060606,3.3333333333333335,0,0,0,1,0,1,0,0,1,0,0,0,0,0,0,0,0,0,0,0,0,0,0,0,0,0,0,0,0,0.0,0.0,0,0,1,0,0,0,0,0,3.2406686011461003
626,8,40.0,3,28,8.31060606060606,4.5,0,0,0,1,0,1,0,0,0,0,0,0,0,0,0,0,0,0,0,0,0,0,0,0,0,0,0,0,0,0.0,0.0,0,0,1,0,0,0,0,0,4.221901249145171
627,9,40.0,3,28,8.31060606060606,5.777777777777778,0,0,0,1,0,1,0,0,0,0,0,0,0,0,0,0,0,0,0,0,0,0,0,0,0,0,0,0,0,0.0,0.0,0,0,1,0,0,0,0,0,5.540530459970785
628,10,370.0,3,28,8.31060606060606,13.307692307692308,0,0,0,0,0,0,0,0,0,0,1,0,0,0,0,0,0,0,0,0,0,0,0,0,0,0,0,1,0,100.0,0.0,0,0,1,0,0,0,0,0,13.454669441900503
629,11,40.0,3,28,8.31060606060606,16.09090909090909,0,0,0,1,0,0,0,0,0,0,1,0,0,0,0,0,0,0,0,0,0,0,0,0,0,0,0,0,0,0.0,0.0,0,0,1,0,0,0,0,0,15.96256429102355
630,12,370.0,3,28,8.31060606060606,9.357142857142858,0,1,0,0,0,0,0,0,0,0,0,0,0,0,0,0,0,0,0,0,0,0,0,0,0,0,0,1,0,100.0,0.0,0,0,1,0,0,0,0,0,9.539694299080713
631,13,370.0,3,28,8.31060606060606,7.066666666666666,0,1,0,0,0,0,0,0,0,1,0,0,0,0,0,0,0,0,0,0,0,0,0,0,0,0,0,1,0,100.0,0.0,0,0,1,0,0,0,0,0,7.302868285027456
632,14,370.0,3,28,8.31060606060606,7.214285714285714,0,0,0,0,1,0,0,0,0,1,0,0,0,0,0,0,0,0,0,0,0,0,0,0,0,0,0,1,0,100.0,0.0,0,0,1,0,0,0,0,0,7.216951847991523
633,1,500.0,4,28,8.31060606060606,12.666666666666666,0,0,0,0,0,1,0,0,0,1,0,0,0,0,0,0,0,0,0,0,0,0,0,0,0,0,0,1,1,140.0,8000.0,0,0,1,0,0,0,0,0,12.865685522945231
634,2,360.0,4,28,8.31060606060606,8.5,0,0,0,0,0,1,0,0,0,1,0,0,1,0,0,0,0,0,0,0,0,0,0,0,0,0,0,1,1,90.0,2000.0,0,0,1,0,0,0,0,0,8.624492186825051
635,3,400.0,4,28,8.31060606060606,4.5,0,0,0,0,0,1,0,0,1,0,0,0,1,0,0,0,0,0,0,0,0,0,0,0,0,0,0,1,1,105.0,2000.0,0,0,1,0,0,0,0,0,5.001397969559075
636,4,480.0,4,28,8.31060606060606,9.0,0,1,0,0,0,1,0,0,1,0,0,0,0,0,0,0,0,0,0,0,0,0,0,0,0,0,0,1,1,140.0,4000.0,0,0,1,0,0,0,0,0,9.640889740906134
637,5,500.0,4,28,8.31060606060606,9.75,0,0,0,0,0,1,0,0,1,0,0,0,0,0,0,0,0,0,0,0,0,0,0,0,0,0,0,1,1,140.0,8400.0,0,0,1,0,0,0,0,0,10.407372187835538
638,6,480.0,4,28,8.31060606060606,4.5,0,0,0,0,1,1,0,0,0,1,0,0,0,0,0,0,0,0,0,0,0,0,0,0,0,0,0,1,1,140.0,4000.0,0,0,1,0,0,0,0,0,4.755926870776258
639,7,40.0,4,28,8.31060606060606,3.3333333333333335,0,0,0,1,0,1,0,0,1,0,0,0,0,0,0,0,0,0,0,0,0,0,0,0,0,0,0,0,0,0.0,0.0,0,0,1,0,0,0,0,0,3.2841739320162686
640,8,40.0,4,28,8.31060606060606,4.5,0,0,0,1,0,1,0,0,0,0,0,0,0,0,0,0,0,0,0,0,0,0,0,0,0,0,0,0,0,0.0,0.0,0,0,1,0,0,0,0,0,4.26540658001534
641,9,40.0,4,28,8.31060606060606,5.777777777777778,0,0,0,1,0,1,0,0,0,0,0,0,0,0,0,0,0,0,0,0,0,0,0,0,0,0,0,1,1,100.0,2000.0,0,0,1,0,0,0,0,0,6.38648630149396
642,10,390.0,4,28,8.31060606060606,13.307692307692308,0,0,0,0,0,0,0,0,0,0,1,0,0,0,0,0,0,0,0,0,0,0,0,0,0,0,0,0,0,0.0,0.0,0,0,1,0,0,0,0,0,13.628808242506548
643,11,40.0,4,28,8.31060606060606,16.09090909090909,0,0,0,1,0,0,0,0,0,0,1,0,0,0,0,0,0,0,0,0,0,0,0,0,0,0,0,1,1,100.0,2000.0,0,0,1,0,0,0,0,0,16.808520132546725
644,12,390.0,4,28,8.31060606060606,9.357142857142858,0,1,0,0,0,0,0,0,0,0,0,0,0,0,0,0,0,0,0,0,0,0,0,0,0,0,0,1,1,100.0,2000.0,0,0,1,0,0,0,0,0,10.516283610339762
645,13,390.0,4,28,8.31060606060606,7.066666666666666,0,1,0,0,0,0,0,0,0,1,0,0,0,0,0,0,0,0,0,0,0,0,0,0,0,0,0,1,1,100.0,2000.0,0,0,1,0,0,0,0,0,8.279457596286505
646,14,390.0,4,28,8.31060606060606,7.214285714285714,0,0,0,0,1,0,0,0,0,1,0,0,0,0,0,0,0,0,0,0,0,0,0,0,0,0,0,0,0,0.0,0.0,0,0,1,0,0,0,0,0,7.391090648597567
433,1,250.0,3,38,8.31060606060606,8.73913043478261,0,0,0,0,0,0,0,0,1,0,0,0,0,0,0,0,0,0,0,0,0,0,0,0,0,0,0,0,0,0.0,0.0,0,0,1,0,0,0,0,0,8.683073211893724
434,2,200.0,3,38,8.31060606060606,3.3333333333333335,0,0,0,1,0,1,0,0,1,0,0,0,0,0,0,0,0,0,0,0,0,0,0,0,0,0,0,0,0,0.0,0.0,0,0,1,0,0,0,0,0,2.8496158979006134
435,3,500.0,3,38,8.31060606060606,7.066666666666666,0,1,0,0,0,0,0,0,0,1,0,0,0,0,0,0,0,0,0,0,0,0,0,0,0,0,0,0,0,0.0,0.0,0,0,1,0,0,0,0,0,6.749050938597898
436,4,200.0,3,38,8.31060606060606,5.777777777777778,0,0,0,1,0,1,0,0,0,0,0,0,0,0,0,0,0,0,0,0,0,0,0,0,0,0,0,0,0,0.0,0.0,0,0,1,0,0,0,0,0,5.1494777567252985
437,5,200.0,3,38,8.31060606060606,4.5,0,0,0,1,0,1,0,0,0,0,0,0,0,0,0,0,0,0,0,0,0,0,0,0,0,0,0,0,0,0.0,0.0,0,0,1,0,0,0,0,0,3.9366819438726255
438,6,500.0,3,38,8.31060606060606,9.357142857142858,0,1,0,0,0,0,0,0,0,0,0,0,0,0,0,0,0,0,0,0,0,0,0,0,0,0,0,0,0,0.0,0.0,0,0,1,0,0,0,0,0,9.197543748597036
439,7,600.0,3,38,8.31060606060606,8.0,0,0,0,0,0,1,0,0,0,1,0,0,0,0,0,0,0,0,0,0,0,0,0,0,0,0,0,0,0,0.0,0.0,0,0,1,0,0,0,0,0,7.9499794555435885
440,8,650.0,3,38,8.31060606060606,12.666666666666666,0,0,0,0,0,1,0,0,0,1,0,0,0,0,0,0,0,0,0,0,0,0,0,0,0,0,0,0,0,0.0,0.0,0,0,1,0,0,0,0,0,12.654312989669304
441,9,450.0,3,38,8.31060606060606,8.5,0,0,0,0,0,1,0,0,0,1,0,0,1,0,0,0,0,0,0,0,0,0,0,0,0,0,0,0,0,0.0,0.0,0,0,1,0,0,0,0,0,7.992103019458976
442,10,450.0,3,38,8.31060606060606,4.5,0,0,0,0,1,1,0,0,0,1,0,0,0,0,0,0,0,0,0,0,0,0,0,0,0,0,0,0,0,0.0,0.0,0,0,1,0,0,0,0,0,3.991247371623661
443,1,500.0,4,38,8.31060606060606,7.214285714285714,0,0,0,0,1,0,0,0,0,1,0,0,0,0,0,0,0,0,0,0,0,0,0,0,0,0,0,0,0,0.0,0.0,0,0,1,0,0,0,0,0,6.547889735472722
444,2,600.0,4,38,8.31060606060606,4.0,1,0,0,0,0,1,0,0,0,1,0,0,0,0,0,0,0,0,0,0,0,0,0,0,0,0,0,0,0,0.0,0.0,0,0,1,0,0,0,0,0,3.104663336585337
445,3,500.0,4,38,8.31060606060606,13.307692307692308,0,0,0,0,0,0,0,0,0,0,1,0,0,0,0,0,0,0,0,0,0,0,0,0,0,0,0,0,0,0.0,0.0,0,0,1,0,0,0,0,0,13.103107523300526
446,4,200.0,4,38,8.31060606060606,16.09090909090909,0,0,0,1,0,0,0,0,0,0,1,0,0,0,0,0,0,0,0,0,0,0,0,0,0,0,0,0,0,0.0,0.0,0,0,1,0,0,0,0,0,15.509183520675293
447,5,900.0,4,38,8.31060606060606,16.0,0,0,1,0,0,0,0,0,1,0,0,0,0,0,0,0,0,0,0,0,0,0,0,0,0,0,0,0,0,0.0,0.0,0,0,1,0,0,0,0,0,15.815329119695786
448,7,650.0,4,38,8.31060606060606,9.75,0,0,0,0,0,1,0,0,1,0,0,0,0,0,0,0,0,0,0,0,0,0,0,0,0,0,0,0,0,0.0,0.0,0,0,1,0,0,0,0,0,10.004003914913621
449,8,500.0,4,38,8.31060606060606,4.5,0,0,0,0,0,1,0,0,1,0,0,0,1,0,0,0,0,0,0,0,0,0,0,0,0,0,0,0,0,0.0,0.0,0,0,1,0,0,0,0,0,4.297504476566392
450,9,450.0,4,38,8.31060606060606,9.0,0,1,0,0,0,1,0,0,1,0,0,0,0,0,0,0,0,0,0,0,0,0,0,0,0,0,0,0,0,0.0,0.0,0,0,1,0,0,0,0,0,8.972632271610177
451,1,250.0,5,38,8.31060606060606,8.73913043478261,0,0,0,0,0,0,0,0,1,0,0,0,0,0,0,0,0,0,0,0,0,0,0,0,0,0,0,0,0,0.0,0.0,0,0,1,0,0,0,0,0,8.770083873634064
452,2,200.0,5,38,8.31060606060606,5.777777777777778,0,0,0,1,0,1,0,0,0,0,0,0,0,0,0,0,0,0,0,0,0,0,0,0,0,0,0,0,0,0.0,0.0,0,0,1,0,0,0,0,0,5.130655020492696
453,3,200.0,5,38,8.31060606060606,4.5,0,0,0,1,0,1,0,0,0,0,0,0,0,0,0,0,0,0,0,0,0,0,0,0,0,0,0,0,0,0.0,0.0,0,0,1,0,0,0,0,0,3.9178592076400234
454,4,400.0,5,38,8.31060606060606,13.307692307692308,0,0,0,0,0,0,0,0,0,0,1,0,0,0,0,0,0,0,0,0,0,0,0,0,0,0,0,0,0,0.0,0.0,0,0,1,0,0,0,0,0,13.14190031718198
455,5,200.0,5,38,8.31060606060606,16.09090909090909,0,0,0,1,0,0,0,0,0,0,1,0,0,0,0,0,0,0,0,0,0,0,0,0,0,0,0,0,0,0.0,0.0,0,0,1,0,0,0,0,0,15.605605550531934
456,6,1400.0,5,38,8.31060606060606,11.0,0,0,0,0,0,1,0,0,1,0,0,0,0,0,0,0,0,0,0,0,0,0,0,0,0,0,0,0,0,0.0,0.0,0,0,1,0,0,0,0,0,11.665008839062551
457,7,500.0,5,38,8.31060606060606,9.75,0,0,0,0,0,1,0,0,1,0,0,0,0,0,0,0,0,0,0,0,0,0,0,0,0,0,0,0,0,0.0,0.0,0,0,1,0,0,0,0,0,9.96106539182101
458,8,450.0,5,38,8.31060606060606,4.5,0,0,0,0,0,1,0,0,1,0,0,0,1,0,0,0,0,0,0,0,0,0,0,0,0,0,0,0,0,0.0,0.0,0,0,1,0,0,0,0,0,4.3121951894489685
459,9,450.0,5,38,8.31060606060606,9.0,0,1,0,0,0,1,0,0,1,0,0,0,0,0,0,0,0,0,0,0,0,0,0,0,0,0,0,0,0,0.0,0.0,0,0,1,0,0,0,0,0,9.016137602480347
460,1,500.0,6,38,8.31060606060606,12.666666666666666,0,0,0,0,0,1,0,0,0,1,0,0,0,0,0,0,0,0,0,0,0,0,0,0,0,0,0,0,0,0.0,0.0,0,0,1,0,0,0,0,0,12.32796823541174
461,2,450.0,6,38,8.31060606060606,8.5,0,0,0,0,0,1,0,0,0,1,0,0,1,0,0,0,0,0,0,0,0,0,0,0,0,0,0,0,0,0.0,0.0,0,0,1,0,0,0,0,0,7.75220211916419
462,3,450.0,6,38,8.31060606060606,4.5,0,0,0,0,1,1,0,0,0,1,0,0,0,0,0,0,0,0,0,0,0,0,0,0,0,0,0,0,0,0.0,0.0,0,0,1,0,0,0,0,0,3.7513464713288753
463,4,800.0,6,38,8.31060606060606,16.0,0,0,1,0,0,0,0,0,0,1,0,0,0,0,0,0,0,0,0,0,0,0,0,0,0,0,0,0,0,0.0,0.0,0,0,1,0,0,0,0,0,15.543565167394068
464,6,200.0,6,38,8.31060606060606,6.7,0,0,0,0,1,1,0,0,0,1,0,0,0,0,0,0,0,0,0,0,0,0,0,0,0,0,0,0,0,0.0,0.0,0,0,1,0,0,0,0,0,5.945250237864673
465,7,750.0,6,38,8.31060606060606,9.97593984962406,0,0,0,0,0,0,0,0,0,0,0,0,0,0,0,0,0,0,0,0,0,0,0,0,0,0,0,0,0,0.0,0.0,0,0,1,0,0,0,0,0,10.417031960860847
466,8,1400.0,6,38,8.31060606060606,22.0,1,0,0,0,0,1,0,0,1,0,0,0,0,0,0,0,0,0,0,0,0,0,0,0,0,0,0,0,0,0.0,0.0,0,0,1,0,0,0,0,0,22.04847388242562
467,9,200.0,6,38,8.31060606060606,3.3333333333333335,0,0,0,1,0,1,0,0,1,0,0,0,0,0,0,0,0,0,0,0,0,0,0,0,0,0,0,0,0,0.0,0.0,0,0,1,0,0,0,0,0,3.350548783416415
468,10,400.0,6,38,8.31060606060606,7.214285714285714,0,0,0,0,1,0,0,0,0,1,0,0,0,0,0,0,0,0,0,0,0,0,0,0,0,0,0,0,0,0.0,0.0,0,0,1,0,0,0,0,0,7.053521452116111
469,11,400.0,6,38,8.31060606060606,7.066666666666666,0,1,0,0,0,0,0,0,0,1,0,0,0,0,0,0,0,0,0,0,0,0,0,0,0,0,0,0,0,0.0,0.0,0,0,1,0,0,0,0,0,7.245271287124985
470,12,400.0,6,38,8.31060606060606,9.357142857142858,0,1,0,0,0,0,0,0,0,0,0,0,0,0,0,0,0,0,0,0,0,0,0,0,0,0,0,0,0,0.0,0.0,0,0,1,0,0,0,0,0,9.587930699151183
549,1,250.0,5,36,8.31060606060606,8.73913043478261,0,0,0,0,0,0,0,0,1,0,0,0,0,0,0,0,0,0,0,0,0,0,0,0,0,0,0,0,0,0.0,0.0,0,0,0,0,1,0,0,0,8.960520935144482
550,2,200.0,5,36,8.31060606060606,4.25,0,0,0,1,0,1,0,0,1,0,0,0,0,0,0,0,0,0,0,0,0,0,0,0,0,0,0,0,0,0.0,0.0,0,0,0,0,1,0,0,0,4.035074770949014
551,3,400.0,5,36,8.31060606060606,7.066666666666666,0,1,0,0,0,0,0,0,0,1,0,0,0,0,0,0,0,0,0,0,0,0,0,0,0,0,0,0,0,0.0,0.0,0,0,0,0,1,0,0,0,6.968869425873468
552,4,200.0,5,36,8.31060606060606,5.777777777777778,0,0,0,1,0,1,0,0,0,0,0,0,0,0,0,0,0,0,0,0,0,0,0,0,0,0,0,0,0,0.0,0.0,0,0,0,0,1,0,0,0,5.426925479976055
553,5,200.0,5,36,8.31060606060606,4.5,0,0,0,1,0,1,0,0,0,0,0,0,0,0,0,0,0,0,0,0,0,0,0,0,0,0,0,0,0,0.0,0.0,0,0,0,0,1,0,0,0,4.214129667123382
554,6,400.0,5,36,8.31060606060606,9.357142857142858,0,1,0,0,0,0,0,0,0,0,0,0,0,0,0,0,0,0,0,0,0,0,0,0,0,0,0,0,0,0.0,0.0,0,0,0,0,1,0,0,0,9.417362235872607
555,7,500.0,5,36,8.31060606060606,11.727272727272727,0,0,0,0,0,1,0,0,0,1,0,0,0,0,0,0,0,0,0,0,0,0,0,0,0,0,0,0,0,0.0,0.0,0,0,0,0,1,0,0,0,11.861876337037687
556,8,450.0,5,36,8.31060606060606,9.785714285714286,0,0,0,0,0,1,0,0,0,1,0,0,1,0,0,0,0,0,0,0,0,0,0,0,0,0,0,0,0,0.0,0.0,0,0,0,0,1,0,0,0,9.490208123958922
557,9,450.0,5,36,8.31060606060606,6.7,0,0,0,0,1,1,0,0,0,1,0,0,0,0,0,0,0,0,0,0,0,0,0,0,0,0,0,0,0,0.0,0.0,0,0,0,0,1,0,0,0,6.3950051554022975
558,10,400.0,5,36,8.31060606060606,5.0,1,0,0,0,0,0,0,0,0,1,0,0,0,0,0,0,0,0,0,0,0,0,0,0,0,0,0,0,0,0.0,0.0,0,0,0,0,1,0,0,0,4.909154781129305
559,1,250.0,6,36,8.31060606060606,8.73913043478261,0,0,0,0,0,0,0,0,1,0,0,0,0,0,0,0,0,0,0,0,0,0,0,0,0,0,0,0,0,0.0,0.0,0,0,0,0,1,0,0,0,9.00402626601465
560,2,200.0,6,36,8.31060606060606,13.307692307692308,0,0,0,0,0,0,0,0,0,0,1,0,0,0,0,0,0,0,0,0,0,0,0,0,0,0,0,0,0,0.0,0.0,0,0,0,0,1,0,0,0,13.154750839639254
561,4,1600.0,6,36,8.31060606060606,16.0,0,0,1,0,0,0,0,0,0,1,0,0,0,0,0,0,0,0,0,0,0,0,0,0,0,0,0,0,0,0.0,0.0,0,0,0,0,1,0,0,0,16.195036116705975
562,7,650.0,6,36,8.31060606060606,11.727272727272727,0,0,0,0,0,1,0,0,0,1,0,0,0,0,0,0,0,0,0,0,0,0,0,0,0,0,0,0,0,0.0,0.0,0,0,0,0,1,0,0,0,11.991825521870634
563,8,450.0,6,36,8.31060606060606,9.785714285714286,0,0,0,0,0,1,0,0,0,1,0,0,1,0,0,0,0,0,0,0,0,0,0,0,0,0,0,0,0,0.0,0.0,0,0,0,0,1,0,0,0,9.53371345482909
564,9,500.0,6,36,8.31060606060606,6.7,0,0,0,0,1,1,0,0,0,1,0,0,0,0,0,0,0,0,0,0,0,0,0,0,0,0,0,0,0,0.0,0.0,0,0,0,0,1,0,0,0,6.46732510426006
565,10,1000.0,6,36,8.31060606060606,3.0,0,0,1,0,0,0,0,0,0,1,0,0,0,0,0,0,0,0,0,0,0,0,0,0,0,0,0,0,0,0.0,0.0,0,0,0,0,1,0,0,0,3.2895118612797916
566,1,250.0,0,36,8.31060606060606,8.73913043478261,0,0,0,0,0,0,0,0,1,0,0,0,0,0,0,0,0,0,0,0,0,0,0,0,0,0,0,0,0,0.0,0.0,0,0,0,0,1,0,0,0,8.742994280793633
567,2,200.0,0,36,8.31060606060606,4.25,0,0,0,1,0,1,0,0,1,0,0,0,0,0,0,0,0,0,0,0,0,0,0,0,0,0,0,0,0,0.0,0.0,0,0,0,0,1,0,0,0,3.817548116598167
568,3,200.0,0,36,8.31060606060606,5.777777777777778,0,0,0,1,0,1,0,0,0,0,0,0,0,0,0,0,0,0,0,0,0,0,0,0,0,0,0,0,0,0.0,0.0,0,0,0,0,1,0,0,0,5.156482126638737
569,4,200.0,0,36,8.31060606060606,4.5,0,0,0,1,0,1,0,0,0,0,0,0,0,0,0,0,0,0,0,0,0,0,0,0,0,0,0,0,0,0.0,0.0,0,0,0,0,1,0,0,0,3.9436863137860643
570,5,400.0,0,36,8.31060606060606,7.214285714285714,0,0,0,0,1,0,0,0,0,1,0,0,0,0,0,0,0,0,0,0,0,0,0,0,0,0,0,0,0,0.0,0.0,0,0,0,0,1,0,0,0,6.718343033473158
571,6,500.0,0,36,8.31060606060606,7.454545454545454,0,0,0,0,0,1,0,0,1,0,0,0,0,0,0,0,0,0,0,0,0,0,0,0,0,0,0,0,0,0.0,0.0,0,0,0,0,1,0,0,0,7.607279113310749
572,7,450.0,0,36,8.31060606060606,7.8125,0,1,0,0,0,1,0,0,0,0,0,0,0,0,0,0,0,0,0,0,0,0,0,0,0,0,0,0,0,0.0,0.0,0,0,0,0,1,0,0,0,7.4795928350628955
573,8,450.0,0,36,8.31060606060606,4.857142857142857,0,0,0,0,0,1,0,0,1,0,0,0,1,0,0,0,0,0,0,0,0,0,0,0,0,0,0,0,0,0.0,0.0,0,0,0,0,1,0,0,0,4.638876174451777
574,9,1100.0,0,36,8.31060606060606,15.0,1,0,0,0,0,0,0,0,1,0,0,0,0,0,0,0,0,0,0,0,0,0,0,0,0,0,0,0,0,0.0,0.0,0,0,0,0,1,0,0,0,15.195920938309373
575,10,650.0,0,36,8.31060606060606,10.0,1,0,0,0,0,0,0,0,0,1,0,0,0,0,0,0,0,0,0,0,0,0,0,0,0,0,0,0,0,0.0,0.0,0,0,0,0,1,0,0,0,9.788489306521765
576,1,400.0,1,36,8.31060606060606,7.066666666666666,0,1,0,0,0,0,0,0,0,1,0,0,0,0,0,0,0,0,0,0,0,0,0,0,0,0,0,0,0,0.0,0.0,0,0,0,0,0,1,0,0,5.317542084300306
577,2,200.0,1,36,8.31060606060606,13.307692307692308,0,0,0,0,0,0,0,0,0,0,1,0,0,0,0,0,0,0,0,0,0,0,0,0,0,0,0,0,0,0.0,0.0,0,0,0,0,0,1,0,0,11.565751565168863
578,4,400.0,1,36,8.31060606060606,9.357142857142858,0,1,0,0,0,0,0,0,0,0,0,0,0,0,0,0,0,0,0,0,0,0,0,0,0,0,0,0,0,0.0,0.0,0,0,0,0,0,1,0,0,7.7660348942994455
579,5,400.0,1,36,8.31060606060606,7.214285714285714,0,0,0,0,1,0,0,0,0,1,0,0,0,0,0,0,0,0,0,0,0,0,0,0,0,0,0,0,0,0.0,0.0,0,0,0,0,0,1,0,0,5.390375744223785
580,6,1200.0,1,36,8.31060606060606,16.0,0,0,1,0,0,0,0,0,0,1,0,0,0,0,0,0,0,0,0,0,0,0,0,0,0,0,0,0,0,0.0,0.0,0,0,0,0,0,1,0,0,14.48135329630778
581,7,650.0,1,36,8.31060606060606,7.454545454545454,0,0,0,0,0,1,0,0,1,0,0,0,0,0,0,0,0,0,0,0,0,0,0,0,0,0,0,0,0,0.0,0.0,0,0,0,0,0,1,0,0,6.418672377010626
582,8,500.0,1,36,8.31060606060606,4.857142857142857,0,0,0,0,0,1,0,0,1,0,0,0,1,0,0,0,0,0,0,0,0,0,0,0,0,0,0,0,0,0.0,0.0,0,0,0,0,0,1,0,0,3.3397235031899974
583,9,500.0,1,36,8.31060606060606,7.8125,0,1,0,0,0,1,0,0,0,0,0,0,0,0,0,0,0,0,0,0,0,0,0,0,0,0,0,0,0,0.0,0.0,0,0,0,0,0,1,0,0,6.286273561774056
584,11,1200.0,1,36,8.31060606060606,16.0,0,0,1,0,0,0,0,0,1,0,0,0,0,0,0,0,0,0,0,0,0,0,0,0,0,0,0,0,0,0.0,0.0,0,0,0,0,0,1,0,0,14.994165470320533
585,1,250.0,5,34,8.31060606060606,8.73913043478261,0,0,0,0,0,0,0,0,1,0,0,0,0,0,0,0,0,0,0,0,0,0,0,0,0,0,0,0,0,0.0,0.0,0,0,0,0,0,1,0,0,7.632783512199624
586,2,500.0,5,34,8.31060606060606,11.727272727272727,0,0,0,0,0,1,0,0,0,1,0,0,0,0,0,0,0,0,0,0,0,0,0,0,0,0,0,0,0,0.0,0.0,0,0,0,0,0,1,0,0,10.269555419160477
587,3,400.0,5,34,8.31060606060606,9.785714285714286,0,0,0,0,0,1,0,0,0,1,0,0,1,0,0,0,0,0,0,0,0,0,0,0,0,0,0,0,0,0.0,0.0,0,0,0,0,0,1,0,0,7.869072588094119
588,4,400.0,5,34,8.31060606060606,6.7,0,0,0,0,1,1,0,0,0,1,0,0,0,0,0,0,0,0,0,0,0,0,0,0,0,0,0,0,0,0.0,0.0,0,0,0,0,0,1,0,0,4.7738696195374954
589,5,200.0,5,34,8.31060606060606,5.777777777777778,0,0,0,1,0,1,0,0,0,0,0,0,0,0,0,0,0,0,0,0,0,0,0,0,0,0,0,0,0,0.0,0.0,0,0,0,0,0,1,0,0,4.152104756017669
590,6,200.0,5,34,8.31060606060606,4.5,0,0,0,1,0,1,0,0,0,0,0,0,0,0,0,0,0,0,0,0,0,0,0,0,0,0,0,0,0,0.0,0.0,0,0,0,0,0,1,0,0,2.9393089431649955
591,7,400.0,5,34,8.31060606060606,9.357142857142858,0,1,0,0,0,0,0,0,0,0,0,0,0,0,0,0,0,0,0,0,0,0,0,0,0,0,0,0,0,0.0,0.0,0,0,0,0,0,1,0,0,8.14254151191422
592,8,400.0,5,34,8.31060606060606,7.066666666666666,0,1,0,0,0,0,0,0,0,1,0,0,0,0,0,0,0,0,0,0,0,0,0,0,0,0,0,0,0,0.0,0.0,0,0,0,0,0,1,0,0,5.905715497860964
593,1,250.0,6,34,8.31060606060606,8.73913043478261,0,0,0,0,0,0,0,0,1,0,0,0,0,0,0,0,0,0,0,0,0,0,0,0,0,0,0,0,0,0.0,0.0,0,0,0,0,0,1,0,0,7.676288843069794
594,2,400.0,6,34,8.31060606060606,13.307692307692308,0,0,0,0,0,0,0,0,0,0,1,0,0,0,0,0,0,0,0,0,0,0,0,0,0,0,0,0,0,0.0,0.0,0,0,0,0,0,1,0,0,11.94227188864477
595,4,200.0,6,34,8.31060606060606,4.25,0,0,0,1,0,1,0,0,1,0,0,0,0,0,0,0,0,0,0,0,0,0,0,0,0,0,0,0,0,0.0,0.0,0,0,0,0,0,1,0,0,2.8566760768472683
596,5,400.0,6,34,8.31060606060606,7.214285714285714,0,0,0,0,1,0,0,0,0,1,0,0,0,0,0,0,0,0,0,0,0,0,0,0,0,0,0,0,0,0.0,0.0,0,0,0,0,0,1,0,0,5.651637595749319
597,6,500.0,6,34,8.31060606060606,7.454545454545454,0,0,0,0,0,1,0,0,1,0,0,0,0,0,0,0,0,0,0,0,0,0,0,0,0,0,0,0,0,0.0,0.0,0,0,0,0,0,1,0,0,6.540573675586909
598,7,400.0,6,34,8.31060606060606,4.857142857142857,0,0,0,0,0,1,0,0,1,0,0,0,1,0,0,0,0,0,0,0,0,0,0,0,0,0,0,0,0,0.0,0.0,0,0,0,0,0,1,0,0,3.4904394197538746
599,8,400.0,6,34,8.31060606060606,7.8125,0,1,0,0,0,1,0,0,0,0,0,0,0,0,0,0,0,0,0,0,0,0,0,0,0,0,0,0,0,0.0,0.0,0,0,0,0,0,1,0,0,6.436989478337933
600,9,1000.0,6,34,8.31060606060606,2.0,1,0,0,0,0,0,0,0,1,0,0,0,0,0,0,0,0,0,0,0,0,0,0,0,0,0,0,0,0,0.0,0.0,0,0,0,0,0,1,0,0,1.1943372311164566
601,10,1800.0,6,34,8.31060606060606,9.97593984962406,1,0,0,0,0,0,0,0,1,0,0,0,0,0,0,0,0,0,0,0,0,0,0,0,0,0,0,0,0,0.0,0.0,0,0,0,0,0,1,0,0,9.608915796348787
602,1,250.0,0,34,8.31060606060606,8.73913043478261,0,0,0,0,0,0,0,0,1,0,0,0,0,0,0,0,0,0,0,0,0,0,0,0,0,0,0,0,0,0.0,0.0,0,0,0,0,0,1,0,0,7.415256857848776
603,2,200.0,0,34,8.31060606060606,4.25,0,0,0,1,0,1,0,0,1,0,0,0,0,0,0,0,0,0,0,0,0,0,0,0,0,0,0,0,0,0.0,0.0,0,0,0,0,0,1,0,0,2.489810693653311
604,3,650.0,0,34,8.31060606060606,13.307692307692308,0,0,0,0,0,0,0,0,0,0,1,0,0,0,0,0,0,0,0,0,0,0,0,0,0,0,0,0,0,0.0,0.0,0,0,0,0,0,1,0,0,11.878229692348189
605,5,400.0,0,34,8.31060606060606,9.357142857142858,0,1,0,0,0,0,0,0,0,0,0,0,0,0,0,0,0,0,0,0,0,0,0,0,0,0,0,0,0,0.0,0.0,0,0,0,0,0,1,0,0,7.819181459590433
606,6,400.0,0,34,8.31060606060606,7.066666666666666,0,1,0,0,0,0,0,0,0,1,0,0,0,0,0,0,0,0,0,0,0,0,0,0,0,0,0,0,0,0.0,0.0,0,0,0,0,0,1,0,0,5.582355445537176
607,7,650.0,0,34,8.31060606060606,7.214285714285714,0,0,0,0,1,0,0,0,0,1,0,0,0,0,0,0,0,0,0,0,0,0,0,0,0,0,0,0,0,0.0,0.0,0,0,0,0,0,1,0,0,5.640512098439208
608,8,1200.0,0,34,8.31060606060606,7.454545454545454,0,0,0,0,0,1,0,0,1,0,0,0,0,0,0,0,0,0,0,0,0,0,0,0,0,0,0,0,0,0.0,0.0,0,0,0,0,0,1,0,0,6.788779740165136
609,9,500.0,0,34,8.31060606060606,4.857142857142857,0,0,0,0,0,1,0,0,1,0,0,0,1,0,0,0,0,0,0,0,0,0,0,0,0,0,0,0,0,0.0,0.0,0,0,0,0,0,1,0,0,3.3928700684809847
610,10,1000.0,0,34,8.31060606060606,7.8125,0,1,0,0,0,1,0,0,0,0,0,0,0,0,0,0,0,0,0,0,0,0,0,0,0,0,0,0,0,0.0,0.0,0,0,0,0,0,1,0,0,6.627566306940974
611,11,800.0,0,34,8.31060606060606,9.0,1,0,0,0,0,0,0,0,0,1,0,0,0,0,0,0,0,0,0,0,0,0,0,0,0,0,0,0,0,0.0,0.0,0,0,0,0,0,1,0,0,7.609554818565089
612,12,1600.0,0,34,8.31060606060606,11.0,1,0,0,0,0,0,0,0,0,1,0,0,0,0,0,0,0,0,0,0,0,0,0,0,0,0,0,0,0,0.0,0.0,0,0,0,0,0,1,0,0,10.104620641275185
613,1,250.0,1,34,8.31060606060606,8.73913043478261,0,0,0,0,0,0,0,0,1,0,0,0,0,0,0,0,0,0,0,0,0,0,0,0,0,0,0,0,0,0.0,0.0,0,0,0,0,0,1,0,0,7.458762188718946
614,2,200.0,1,34,8.31060606060606,5.777777777777778,0,0,0,1,0,1,0,0,0,0,0,0,0,0,0,0,0,0,0,0,0,0,0,0,0,0,0,0,0,0.0,0.0,0,0,0,0,0,1,0,0,3.8193333355775803
615,3,200.0,1,34,8.31060606060606,4.5,0,0,0,1,0,1,0,0,0,0,0,0,0,0,0,0,0,0,0,0,0,0,0,0,0,0,0,0,0,0.0,0.0,0,0,0,0,0,1,0,0,2.6065375227249064
616,4,1000.0,1,34,8.31060606060606,11.727272727272727,0,0,0,0,0,1,0,0,0,1,0,0,0,0,0,0,0,0,0,0,0,0,0,0,0,0,0,0,0,0.0,0.0,0,0,0,0,0,1,0,0,10.48951367352867
617,5,500.0,1,34,8.31060606060606,9.785714285714286,0,0,0,0,0,1,0,0,0,1,0,0,1,0,0,0,0,0,0,0,0,0,0,0,0,0,0,0,0,0.0,0.0,0,0,0,0,0,1,0,0,7.858513898561569
618,6,1000.0,1,34,8.31060606060606,6.7,0,0,0,0,1,1,0,0,0,1,0,0,0,0,0,0,0,0,0,0,0,0,0,0,0,0,0,0,0,0.0,0.0,0,0,0,0,0,1,0,0,5.051457109880875
647,1,300.0,3,25,17.212389380530972,30.0,0,0,0,0,0,0,0,0,1,0,0,0,1,0,0,0,0,0,0,0,0,0,0,0,0,0,0,0,0,0.0,0.0,0,0,0,0,0,0,0,0,30.23386161486691
648,2,300.0,3,25,17.212389380530972,17.0,0,0,0,0,0,0,0,0,1,0,0,0,0,0,0,0,0,0,0,0,0,0,0,0,0,0,0,0,0,0.0,0.0,0,0,0,0,0,0,0,0,17.88207406943481
649,3,250.0,3,25,17.212389380530972,12.8,0,0,0,1,0,0,0,1,0,0,0,0,0,0,0,0,0,0,0,0,0,0,0,0,0,0,0,0,0,0.0,0.0,0,0,0,0,0,0,0,0,14.342839711184755
650,4,250.0,3,25,17.212389380530972,36.666666666666664,0,0,0,1,0,0,0,0,0,0,1,0,0,0,0,0,0,0,0,0,0,0,0,0,0,0,0,0,0,0.0,0.0,0,0,0,0,0,0,0,0,36.810368481537736
651,5,30.0,3,25,17.212389380530972,13.5,0,0,0,1,0,0,0,0,0,0,1,0,0,0,0,0,0,0,0,0,0,0,0,0,0,0,0,0,0,0.0,0.0,0,0,0,0,0,0,0,0,13.78858271194739
652,6,300.0,3,25,17.212389380530972,18.6,0,0,0,0,0,0,0,1,0,0,0,0,0,0,0,0,0,0,0,0,0,0,0,1,0,0,0,0,0,0.0,0.0,0,0,0,0,0,0,0,0,21.11503336488326
653,7,250.0,3,25,17.212389380530972,15.666666666666666,0,0,0,1,0,0,0,0,0,0,0,0,0,0,0,0,0,0,0,0,0,0,0,0,0,0,0,0,0,0.0,0.0,0,0,0,0,0,0,0,0,16.338875269750872
654,8,300.0,3,25,17.212389380530972,37.8,0,0,0,0,0,0,0,0,0,0,1,0,0,0,0,0,0,0,0,0,0,0,0,0,0,0,0,0,0,0.0,0.0,0,0,0,0,0,0,0,0,38.40437144323238
655,9,30.0,3,25,17.212389380530972,13.8,0,0,0,0,0,0,0,0,0,0,1,0,0,0,0,0,0,0,0,0,0,0,0,0,0,0,0,0,0,0.0,0.0,0,0,0,0,0,0,0,0,14.528306374020222
656,10,300.0,3,25,17.212389380530972,30.833333333333332,0,1,0,0,0,0,0,0,0,0,0,0,0,0,0,0,0,0,0,0,0,0,0,0,0,0,0,0,0,0.0,0.0,0,0,0,0,0,0,0,0,31.50175841532416
657,11,250.0,3,25,17.212389380530972,19.0,0,0,0,1,0,0,0,0,0,0,0,0,1,0,0,0,0,0,0,0,0,0,0,0,0,0,0,0,0,0.0,0.0,0,0,0,0,0,0,0,0,19.379856003158345
658,12,250.0,3,25,17.212389380530972,6.5,0,0,0,1,0,0,0,1,0,0,0,0,0,0,0,0,0,0,0,0,0,0,0,0,1,0,0,0,0,0.0,0.0,0,0,0,0,0,0,0,0,7.267567450052955
659,13,250.0,3,25,17.212389380530972,36.0,0,0,0,1,0,0,0,0,0,0,1,0,0,0,0,0,0,0,0,0,0,0,0,0,0,0,0,0,0,0.0,0.0,0,0,0,0,0,0,0,0,36.6262470271086
660,14,30.0,3,25,17.212389380530972,10.8,0,0,0,1,0,0,0,0,0,0,1,0,0,0,0,0,0,0,0,0,0,0,0,0,0,0,0,0,0,0.0,0.0,0,0,0,0,0,0,0,0,11.59032743433074
661,15,300.0,3,25,17.212389380530972,8.75,0,0,0,0,0,0,0,1,0,1,0,0,0,0,0,0,0,0,0,0,0,0,0,0,0,0,0,0,0,0.0,0.0,0,0,0,0,0,0,0,0,11.204891871201205
662,16,300.0,3,25,17.212389380530972,10.25,0,0,0,0,0,0,0,0,0,1,0,0,1,0,0,0,0,0,0,0,0,0,0,0,0,0,0,0,0,0.0,0.0,0,0,0,0,0,0,0,0,11.215870465852475
663,17,300.0,3,25,17.212389380530972,10.5,0,0,0,0,0,0,0,1,0,0,0,1,0,0,0,0,0,0,0,0,0,0,0,0,0,0,0,0,0,0.0,0.0,0,0,0,0,0,0,0,0,13.135950043815694
664,18,250.0,3,25,17.212389380530972,24.2,0,0,0,1,0,0,0,0,0,0,0,0,0,0,0,0,0,0,0,0,0,0,0,0,0,0,0,0,0,0.0,0.0,0,0,0,0,0,0,0,0,25.373717298536498
665,19,300.0,3,25,17.212389380530972,17.2,0,1,0,0,0,0,0,1,0,0,0,0,0,0,0,0,0,0,0,0,0,0,0,0,0,0,0,0,0,0.0,0.0,0,0,0,0,0,0,0,0,19.52863625686799
666,20,250.0,3,25,17.212389380530972,12.666666666666666,0,0,0,1,0,0,0,0,0,0,1,0,0,0,0,0,0,0,0,0,0,0,0,0,0,0,0,0,0,0.0,0.0,0,0,0,0,0,0,0,0,13.883652834255633
667,21,250.0,3,25,17.212389380530972,18.0,0,0,0,1,0,0,0,0,0,0,0,0,0,0,0,0,0,0,0,0,0,0,0,0,0,0,0,0,0,0.0,0.0,0,0,0,0,0,0,0,0,19.391010164137285
668,22,300.0,3,25,17.212389380530972,16.5,0,1,0,0,0,0,0,0,0,1,0,0,0,0,0,0,0,0,0,0,0,0,0,0,0,0,0,0,0,0.0,0.0,0,0,0,0,0,0,0,0,17.917872205248074
669,23,300.0,3,25,17.212389380530972,14.5,0,0,0,0,0,0,0,0,0,1,0,0,0,0,0,0,0,0,0,0,0,0,0,0,0,0,0,0,0,0.0,0.0,0,0,0,0,0,0,0,0,16.268702024167624
670,24,100.0,3,25,17.212389380530972,2.75,0,0,0,0,1,0,0,0,0,1,0,0,0,0,0,0,0,0,0,0,0,0,0,0,0,0,0,0,0,0.0,0.0,0,0,0,0,0,0,0,0,4.003221576108345
671,25,300.0,3,25,17.212389380530972,9.333333333333334,0,0,0,0,0,0,0,1,1,0,0,0,0,0,0,0,0,0,0,0,0,0,0,0,0,0,0,0,0,0.0,0.0,0,0,0,0,0,0,0,0,12.560112817290268
863,1,200.0,3,52,9.139240506329115,4.666666666666667,0,0,0,0,0,0,0,0,0,0,0,0,0,0,0,0,0,1,0,0,0,0,0,0,0,1,0,0,0,0.0,0.0,0,0,0,0,0,0,0,0,5.425368411125128
864,2,200.0,3,52,9.139240506329115,2.0,0,0,0,0,0,0,0,0,0,0,0,0,0,0,0,0,0,0,1,0,0,0,0,0,0,1,0,0,0,0.0,0.0,0,0,0,0,0,0,0,0,2.5339971788506856
865,3,200.0,3,52,9.139240506329115,6.666666666666667,0,0,0,0,0,0,0,0,0,0,0,0,0,0,0,0,1,0,0,0,0,0,0,0,0,1,0,0,0,0.0,0.0,0,0,0,0,0,0,0,0,7.296616890219708
866,4,350.0,3,52,9.139240506329115,15.25,0,0,0,0,0,0,0,0,1,0,0,0,0,0,0,0,1,0,0,0,0,0,0,0,0,0,0,1,0,100.0,0.0,0,0,0,0,0,0,0,0,16.419030424426325
867,5,170.0,3,52,9.139240506329115,15.5,0,0,0,1,0,0,0,0,0,0,0,0,0,0,0,0,1,0,0,0,0,0,0,0,0,0,0,0,0,0.0,0.0,0,0,0,0,0,0,0,0,16.276737339674625
868,6,160.0,3,52,9.139240506329115,14.6,0,0,0,1,0,0,0,0,0,0,1,0,0,0,0,0,1,0,0,0,0,0,0,0,0,0,0,0,0,0.0,0.0,0,0,0,0,0,0,0,0,15.260922590462464
869,7,160.0,3,52,9.139240506329115,11.666666666666666,0,0,0,1,0,0,0,0,0,0,0,0,0,0,0,0,0,0,0,0,0,1,0,0,0,0,0,0,0,0.0,0.0,0,0,0,0,0,0,0,0,12.478176753141422
870,8,160.0,3,52,9.139240506329115,12.2,0,0,0,1,0,0,0,0,0,0,0,0,0,0,0,0,0,1,0,0,0,1,0,0,0,0,0,0,0,0.0,0.0,0,0,0,0,0,0,0,0,13.182463091701607
871,9,160.0,3,52,9.139240506329115,20.4,0,0,0,1,0,0,0,0,0,0,1,0,0,0,0,0,0,1,0,0,0,0,0,0,0,0,0,0,0,0.0,0.0,0,0,0,0,0,0,0,0,21.380607026396568
872,10,350.0,3,52,9.139240506329115,3.6,0,0,0,0,0,0,0,0,1,0,0,0,0,0,0,0,0,0,0,1,0,0,0,0,0,0,0,1,0,100.0,0.0,0,0,0,0,0,0,0,0,4.417295828494717
873,11,350.0,3,52,9.139240506329115,6.833333333333333,0,0,0,0,0,0,0,0,1,0,0,0,0,0,0,0,0,0,0,0,1,0,0,0,0,0,0,1,0,100.0,0.0,0,0,0,0,0,0,0,0,7.547492770251524
874,12,170.0,3,52,9.139240506329115,4.4,0,0,0,1,0,0,0,0,0,0,0,0,0,0,0,0,0,0,0,1,0,0,0,0,0,0,0,0,0,0.0,0.0,0,0,0,0,0,0,0,0,4.8727261326080775
875,13,170.0,3,52,9.139240506329115,6.333333333333333,0,0,0,1,0,0,0,0,0,0,0,0,0,0,0,0,0,0,0,0,1,0,0,0,0,0,0,0,0,0.0,0.0,0,0,0,0,0,0,0,0,6.715198171015495
876,14,160.0,3,52,9.139240506329115,5.5,0,0,0,1,0,0,0,0,0,0,1,0,0,0,0,0,0,0,0,0,1,0,0,0,0,0,0,0,0,0.0,0.0,0,0,0,0,0,0,0,0,5.765420596334072
877,15,170.0,3,52,9.139240506329115,5.666666666666667,0,0,0,1,0,0,0,0,0,0,0,0,0,0,0,0,0,0,0,0,1,0,0,0,0,0,0,0,0,0.0,0.0,0,0,0,0,0,0,0,0,6.160659823681058
878,16,160.0,3,52,9.139240506329115,3.25,0,0,0,1,0,0,0,0,0,0,1,0,0,0,0,0,0,0,0,1,0,0,0,0,0,0,0,0,0,0.0,0.0,0,0,0,0,0,0,0,0,3.7680220758650593
879,17,160.0,3,52,9.139240506329115,8.0,0,0,0,1,0,0,0,0,0,0,1,0,0,0,0,0,0,0,0,0,1,0,0,0,0,0,0,0,0,0.0,0.0,0,0,0,0,0,0,0,0,8.400564738196154
880,18,170.0,3,52,9.139240506329115,4.0,0,0,0,1,0,0,0,0,0,0,0,0,0,0,0,0,0,0,0,1,0,0,0,0,0,0,0,0,0,0.0,0.0,0,0,0,0,0,0,0,0,4.794003279342474
881,19,170.0,3,52,9.139240506329115,5.0,0,0,0,1,0,0,0,0,0,0,0,0,0,0,0,0,0,0,0,0,1,0,0,0,0,0,0,0,0,0.0,0.0,0,0,0,0,0,0,0,0,5.711954874319562
882,20,160.0,3,52,9.139240506329115,4.0,0,0,0,1,0,0,0,0,0,0,1,0,0,0,0,0,0,0,0,1,0,0,0,0,0,0,0,0,0,0.0,0.0,0,0,0,0,0,0,0,0,4.722607085281744
883,21,160.0,3,52,9.139240506329115,5.0,0,0,0,1,0,0,0,0,0,0,1,0,0,0,0,0,0,0,0,0,1,0,0,0,0,0,0,0,0,0.0,0.0,0,0,0,0,0,0,0,0,5.640558680258832
884,1,350.0,4,52,9.139240506329115,6.25,0,0,0,0,0,0,0,0,0,1,0,0,0,0,0,0,1,0,0,0,0,0,0,0,0,0,0,1,0,100.0,0.0,0,0,0,0,0,0,0,0,7.1405384176070665
885,2,350.0,4,52,9.139240506329115,12.0,0,1,0,0,0,0,0,0,1,0,0,0,0,0,0,0,1,0,0,0,0,0,0,0,0,0,0,1,0,100.0,0.0,0,0,0,0,0,0,0,0,12.858361743094866
886,3,160.0,4,52,9.139240506329115,10.25,0,0,0,1,0,0,0,0,0,0,1,0,0,0,0,0,1,0,0,0,0,0,0,0,0,0,0,0,0,0.0,0.0,0,0,0,0,0,0,0,0,10.836752186242574
887,4,160.0,4,52,9.139240506329115,6.4,0,0,0,1,0,0,0,0,0,0,0,0,0,0,0,0,1,0,0,0,0,1,0,0,0,0,0,0,0,0.0,0.0,0,0,0,0,0,0,0,0,7.0533672876511995
888,5,170.0,4,52,9.139240506329115,11.0,0,0,0,1,0,0,0,0,0,0,0,0,0,0,0,0,1,0,0,0,0,0,0,0,0,0,0,0,0,0.0,0.0,0,0,0,0,0,0,0,0,11.862733389719986
889,6,350.0,4,52,9.139240506329115,6.6,0,0,0,0,1,0,0,0,0,0,1,0,0,0,0,0,0,1,0,0,0,0,0,0,0,0,0,1,0,100.0,0.0,0,0,0,0,0,0,0,0,7.252857974942406
890,7,160.0,4,52,9.139240506329115,19.333333333333332,0,0,0,1,0,0,0,0,0,0,1,0,0,0,0,0,0,1,0,0,0,0,0,0,0,0,0,0,0,0.0,0.0,0,0,0,0,0,0,0,0,20.26168416680199
891,8,170.0,4,52,9.139240506329115,19.2,0,0,0,1,0,0,0,0,0,0,0,0,0,0,0,0,0,1,0,0,0,0,0,0,0,0,0,0,0,0.0,0.0,0,0,0,0,0,0,0,0,20.359756108760656
892,9,140.0,4,52,9.139240506329115,8.75,0,0,0,1,0,0,0,0,0,0,0,0,0,0,0,0,0,1,0,0,0,0,0,0,0,0,0,0,0,0.0,0.0,0,0,0,0,0,0,0,0,10.044056929261407
893,10,350.0,4,52,9.139240506329115,4.25,0,0,0,0,0,0,0,0,0,1,0,0,0,0,0,0,0,0,1,0,0,0,0,0,0,0,0,1,0,100.0,0.0,0,0,0,0,0,0,0,0,5.5485726773322686
894,11,140.0,4,52,9.139240506329115,11.333333333333334,0,0,0,1,0,0,0,0,0,0,0,0,0,0,0,0,0,0,0,0,0,1,0,0,0,0,0,0,0,0.0,0.0,0,0,0,0,0,0,0,0,12.391637160108749
895,12,350.0,4,52,9.139240506329115,3.8,0,0,0,0,1,0,0,0,0,0,1,0,0,0,0,0,0,0,1,0,0,0,0,0,0,0,0,1,0,100.0,0.0,0,0,0,0,0,0,0,0,4.493995888538843
896,13,350.0,4,52,9.139240506329115,8.0,0,1,0,0,0,0,0,0,1,0,0,0,0,0,0,0,0,0,1,0,0,0,0,0,0,0,0,1,0,100.0,0.0,0,0,0,0,0,0,0,0,9.391114164870874
897,14,170.0,4,52,9.139240506329115,8.5,0,0,0,1,0,0,0,0,0,0,0,0,0,0,0,0,0,0,1,0,0,0,0,0,0,0,0,0,0,0.0,0.0,0,0,0,0,0,0,0,0,9.775488840464655
898,15,160.0,4,52,9.139240506329115,11.0,0,0,0,1,0,0,0,0,0,0,1,0,0,0,0,0,0,0,1,0,0,0,0,0,0,0,0,0,0,0.0,0.0,0,0,0,0,0,0,0,0,12.127569992320126
899,16,170.0,4,52,9.139240506329115,8.2,0,0,0,1,0,0,0,0,0,0,0,0,0,0,0,0,0,0,1,0,0,0,0,0,0,0,0,0,0,0.0,0.0,0,0,0,0,0,0,0,0,9.584154953049275
900,1,140.0,5,52,9.139240506329115,9.75,0,0,0,0,0,0,0,0,0,0,0,0,0,0,0,0,0,0,0,0,0,0,0,0,0,0,0,0,0,0.0,0.0,0,0,0,0,0,0,0,0,10.762603623611698
901,2,170.0,5,52,9.139240506329115,14.0,0,0,0,1,0,0,0,0,0,0,0,0,0,0,0,0,1,0,0,0,0,0,0,0,0,0,0,0,0,0.0,0.0,0,0,0,0,0,0,0,0,14.71916147751395
902,3,350.0,5,52,9.139240506329115,4.75,0,0,0,0,1,0,0,0,0,0,1,0,0,0,0,0,1,0,0,0,0,0,0,0,0,0,0,1,0,100.0,0.0,0,0,0,0,0,0,0,0,5.089381460824689
903,4,160.0,5,52,9.139240506329115,14.833333333333334,0,0,0,1,0,0,0,0,0,0,1,0,0,0,0,0,1,0,0,0,0,0,0,0,0,0,0,0,0,0.0,0.0,0,0,0,0,0,0,0,0,15.473229965087445
904,5,140.0,5,52,9.139240506329115,5.0,0,0,0,1,0,0,0,0,0,0,0,0,0,0,0,0,1,0,0,0,0,0,0,0,0,0,0,0,0,0.0,0.0,0,0,0,0,0,0,0,0,5.945604242031191
905,6,350.0,5,52,9.139240506329115,8.75,0,0,0,0,0,0,0,0,0,1,0,0,0,0,0,0,0,1,0,0,0,0,0,0,0,0,0,1,0,100.0,0.0,0,0,0,0,0,0,0,0,10.140721443112756
906,7,350.0,5,52,9.139240506329115,7.333333333333333,0,1,0,0,0,0,0,0,1,0,0,0,0,0,0,0,0,1,0,0,0,0,0,0,0,0,0,1,0,100.0,0.0,0,0,0,0,0,0,0,0,8.759548506546235
907,8,170.0,5,52,9.139240506329115,16.0,0,0,0,1,0,0,0,0,0,0,0,0,0,0,0,0,0,1,0,0,0,0,0,0,0,0,0,0,0,0.0,0.0,0,0,0,0,0,0,0,0,17.23347706215541
908,9,160.0,5,52,9.139240506329115,18.5,0,0,0,1,0,0,0,0,0,0,1,0,0,0,0,0,0,1,0,0,0,0,0,0,0,0,0,0,0,0.0,0.0,0,0,0,0,0,0,0,0,19.58555821401088
909,10,170.0,5,52,9.139240506329115,10.2,0,0,0,1,0,0,0,0,0,0,0,0,0,0,0,0,0,1,0,0,0,0,0,0,0,0,0,0,0,0.0,0.0,0,0,0,0,0,0,0,0,11.594076275954151
910,11,350.0,5,52,9.139240506329115,6.25,0,0,0,0,0,0,0,0,1,0,0,0,0,0,0,0,0,0,1,0,0,0,0,0,0,0,0,1,0,100.0,0.0,0,0,0,0,0,0,0,0,7.874338622191445
911,12,160.0,5,52,9.139240506329115,10.666666666666666,0,0,0,1,0,0,0,0,0,0,1,0,0,0,0,0,0,0,1,0,0,0,0,0,0,0,0,0,0,0.0,0.0,0,0,0,0,0,0,0,0,11.682139353577194
912,13,170.0,5,52,9.139240506329115,11.0,0,0,0,1,0,0,0,0,0,0,0,0,0,0,0,0,0,0,1,0,0,0,0,0,0,0,0,0,0,0.0,0.0,0,0,0,0,0,0,0,0,12.242471517251024
913,14,160.0,5,52,9.139240506329115,11.8,0,0,0,1,0,0,0,0,0,0,0,0,0,0,0,0,0,0,0,0,0,1,0,0,0,0,0,0,0,0.0,0.0,0,0,0,0,0,0,0,0,13.067678656848532
914,15,160.0,5,52,9.139240506329115,3.0,0,0,0,0,0,0,0,0,0,0,0,0,0,0,0,0,0,0,0,0,0,0,0,0,0,0,0,0,0,0.0,0.0,0,0,0,0,0,0,0,0,4.8286993353801115
672,1,300.0,1,25,17.212389380530972,30.0,0,0,0,0,0,0,0,0,1,0,0,0,1,0,0,0,0,0,0,0,0,0,0,0,0,0,0,0,0,0.0,0.0,1,0,0,0,0,0,0,0,29.91431489893332
673,2,300.0,1,25,17.212389380530972,17.0,0,0,0,0,0,0,0,0,1,0,0,0,0,0,0,0,0,0,0,0,0,0,0,0,0,0,0,0,0,0.0,0.0,1,0,0,0,0,0,0,0,17.562527353501217
674,3,250.0,1,25,17.212389380530972,12.8,0,0,0,1,0,0,0,1,0,0,0,0,0,0,0,0,0,0,0,0,0,0,0,0,0,0,0,0,0,0.0,0.0,1,0,0,0,0,0,0,0,14.023292995251161
675,4,250.0,1,25,17.212389380530972,36.666666666666664,0,0,0,1,0,0,0,0,0,0,1,0,0,0,0,0,0,0,0,0,0,0,0,0,0,0,0,0,0,0.0,0.0,1,0,0,0,0,0,0,0,36.490821765604146
676,5,30.0,1,25,17.212389380530972,13.5,0,0,0,1,0,0,0,0,0,0,1,0,0,0,0,0,0,0,0,0,0,0,0,0,0,0,0,0,0,0.0,0.0,1,0,0,0,0,0,0,0,13.469035996013794
677,6,300.0,1,25,17.212389380530972,18.6,0,0,0,0,0,0,0,1,0,0,0,0,0,0,0,0,0,0,0,0,0,0,0,1,0,0,0,0,0,0.0,0.0,1,0,0,0,0,0,0,0,20.79548664894967
678,7,250.0,1,25,17.212389380530972,15.666666666666666,0,0,0,1,0,0,0,0,0,0,0,0,0,0,0,0,0,0,0,0,0,0,0,0,0,0,0,0,0,0.0,0.0,1,0,0,0,0,0,0,0,16.019328553817278
679,8,300.0,1,25,17.212389380530972,37.8,0,0,0,0,0,0,0,0,0,0,1,0,0,0,0,0,0,0,0,0,0,0,0,0,0,0,0,0,0,0.0,0.0,1,0,0,0,0,0,0,0,38.08482472729879
680,9,30.0,1,25,17.212389380530972,13.8,0,0,0,0,0,0,0,0,0,0,1,0,0,0,0,0,0,0,0,0,0,0,0,0,0,0,0,0,0,0.0,0.0,1,0,0,0,0,0,0,0,14.208759658086626
681,10,300.0,1,25,17.212389380530972,30.833333333333332,0,1,0,0,0,0,0,0,0,0,0,0,0,0,0,0,0,0,0,0,0,0,0,0,0,0,0,0,0,0.0,0.0,1,0,0,0,0,0,0,0,31.18221169939057
682,11,250.0,1,25,17.212389380530972,19.0,0,0,0,1,0,0,0,0,0,0,0,0,1,0,0,0,0,0,0,0,0,0,0,0,0,0,0,0,0,0.0,0.0,1,0,0,0,0,0,0,0,19.060309287224747
683,12,250.0,1,25,17.212389380530972,6.5,0,0,0,1,0,0,0,1,0,0,0,0,0,0,0,0,0,0,0,0,0,0,0,0,1,0,0,0,0,0.0,0.0,1,0,0,0,0,0,0,0,6.94802073411936
684,13,250.0,1,25,17.212389380530972,36.0,0,0,0,1,0,0,0,0,0,0,1,0,0,0,0,0,0,0,0,0,0,0,0,0,0,0,0,0,0,0.0,0.0,1,0,0,0,0,0,0,0,36.306700311175
685,14,30.0,1,25,17.212389380530972,10.8,0,0,0,1,0,0,0,0,0,0,1,0,0,0,0,0,0,0,0,0,0,0,0,0,0,0,0,0,0,0.0,0.0,1,0,0,0,0,0,0,0,11.270780718397146
686,15,300.0,1,25,17.212389380530972,8.75,0,0,0,0,0,0,0,1,0,1,0,0,0,0,0,0,0,0,0,0,0,0,0,0,0,0,0,0,0,0.0,0.0,1,0,0,0,0,0,0,0,10.885345155267611
687,16,300.0,1,25,17.212389380530972,10.25,0,0,0,0,0,0,0,0,0,1,0,0,1,0,0,0,0,0,0,0,0,0,0,0,0,0,0,0,0,0.0,0.0,1,0,0,0,0,0,0,0,10.896323749918881
688,17,300.0,1,25,17.212389380530972,10.5,0,0,0,0,0,0,0,1,0,0,0,1,0,0,0,0,0,0,0,0,0,0,0,0,0,0,0,0,0,0.0,0.0,1,0,0,0,0,0,0,0,12.8164033278821
689,18,250.0,1,25,17.212389380530972,24.2,0,0,0,1,0,0,0,0,0,0,0,0,0,0,0,0,0,0,0,0,0,0,0,0,0,0,0,0,0,0.0,0.0,1,0,0,0,0,0,0,0,25.054170582602907
690,19,300.0,1,25,17.212389380530972,17.2,0,1,0,0,0,0,0,1,0,0,0,0,0,0,0,0,0,0,0,0,0,0,0,0,0,0,0,0,0,0.0,0.0,1,0,0,0,0,0,0,0,19.2090895409344
691,20,250.0,1,25,17.212389380530972,12.666666666666666,0,0,0,1,0,0,0,0,0,0,1,0,0,0,0,0,0,0,0,0,0,0,0,0,0,0,0,0,0,0.0,0.0,1,0,0,0,0,0,0,0,13.564106118322037
692,21,250.0,1,25,17.212389380530972,18.0,0,0,0,1,0,0,0,0,0,0,0,0,0,0,0,0,0,0,0,0,0,0,0,0,0,0,0,0,0,0.0,0.0,1,0,0,0,0,0,0,0,19.071463448203694
693,22,300.0,1,25,17.212389380530972,16.5,0,1,0,0,0,0,0,0,0,1,0,0,0,0,0,0,0,0,0,0,0,0,0,0,0,0,0,0,0,0.0,0.0,1,0,0,0,0,0,0,0,17.598325489314483
694,23,300.0,1,25,17.212389380530972,14.5,0,0,0,0,0,0,0,0,0,1,0,0,0,0,0,0,0,0,0,0,0,0,0,0,0,0,0,0,0,0.0,0.0,1,0,0,0,0,0,0,0,15.949155308234026
695,24,100.0,1,25,17.212389380530972,2.75,0,0,0,0,1,0,0,0,0,1,0,0,0,0,0,0,0,0,0,0,0,0,0,0,0,0,0,0,0,0.0,0.0,1,0,0,0,0,0,0,0,3.683674860174751
696,25,300.0,1,25,17.212389380530972,9.333333333333334,0,0,0,0,0,0,0,1,1,0,0,0,0,0,0,0,0,0,0,0,0,0,0,0,0,0,0,0,0,0.0,0.0,1,0,0,0,0,0,0,0,12.240566101356674
697,1,650.0,2,11,6.450980392156863,10.75,0,0,0,0,0,0,0,0,1,0,0,0,0,0,0,0,0,0,0,0,0,0,0,0,0,0,0,0,0,0.0,0.0,1,0,0,0,0,0,0,0,13.120248646818187
698,2,500.0,2,11,6.450980392156863,8.666666666666666,0,0,0,0,0,0,0,0,0,1,0,0,0,0,0,0,0,0,0,0,0,0,0,0,0,0,0,0,0,0.0,0.0,1,0,0,0,0,0,0,0,10.774831108675919
699,3,500.0,2,11,6.450980392156863,8.5,0,1,0,0,0,0,0,0,0,0,0,0,0,0,0,0,0,0,0,0,0,0,0,0,0,0,0,0,0,0.0,0.0,1,0,0,0,0,0,0,0,10.404520589285422
700,4,500.0,2,11,6.450980392156863,6.75,0,1,0,0,0,0,0,0,0,1,0,0,0,0,0,0,0,0,0,0,0,0,0,0,0,0,0,0,0,0.0,0.0,1,0,0,0,0,0,0,0,8.703067383034934
701,5,500.0,2,11,6.450980392156863,3.0,0,1,0,0,0,0,0,0,0,0,0,0,0,0,1,0,0,0,0,0,0,0,0,0,0,0,0,0,0,0.0,0.0,1,0,0,0,0,0,0,0,2.98870987842876
702,6,500.0,2,11,6.450980392156863,4.0,0,1,0,0,0,0,0,0,0,1,0,0,0,0,1,0,0,0,0,0,0,0,0,0,0,0,0,0,0,0.0,0.0,1,0,0,0,0,0,0,0,4.011290121571212
703,7,500.0,2,11,6.450980392156863,5.0,0,0,0,0,0,0,0,0,0,1,0,0,0,0,0,1,0,0,0,0,0,0,0,0,0,0,0,0,0,0.0,0.0,1,0,0,0,0,0,0,0,6.492414180108465
704,8,290.0,2,11,6.450980392156863,7.0,0,0,0,1,0,0,0,0,0,0,0,0,0,0,0,0,0,0,0,0,0,0,0,0,0,0,0,0,0,0.0,0.0,1,0,0,0,0,0,0,0,9.110385036844868
705,9,290.0,2,11,6.450980392156863,5.5,0,0,0,1,0,0,0,0,0,0,1,0,0,0,0,0,0,0,0,0,0,0,0,0,0,0,0,0,0,0.0,0.0,1,0,0,0,0,0,0,0,7.505998640453583
706,10,290.0,2,11,6.450980392156863,4.0,0,0,0,1,0,0,0,0,0,0,1,0,0,0,0,0,0,0,0,0,0,0,0,0,0,0,0,0,0,0.0,0.0,1,0,0,0,0,0,0,0,6.073078912498451
707,11,500.0,2,11,6.450980392156863,7.6,0,0,0,0,1,0,0,0,0,0,1,0,0,0,0,0,0,0,0,0,0,0,0,0,0,0,0,0,0,0.0,0.0,1,0,0,0,0,0,0,0,9.479827348378464
254,1,300.0,1,34,8.31060606060606,8.73913043478261,0,0,0,0,0,0,0,0,1,0,0,0,0,0,0,0,0,0,0,0,0,0,0,0,0,0,0,1,0,50.0,0.0,1,0,0,0,0,0,0,0,9.99524636837355
255,2,400.0,1,34,8.31060606060606,9.357142857142858,0,1,0,0,0,0,0,0,0,0,0,0,0,0,0,0,0,0,0,0,0,0,0,0,0,0,0,1,0,100.0,0.0,1,0,0,0,0,0,0,0,10.261403528906051
256,3,200.0,1,34,8.31060606060606,2.125,0,0,0,1,0,1,0,0,0,0,0,0,0,0,0,0,0,0,0,0,0,0,0,0,0,0,0,0,0,0.0,0.0,1,0,0,0,0,0,0,0,2.9305376380130683
257,4,200.0,1,34,8.31060606060606,5.777777777777778,0,0,0,1,0,1,0,0,0,0,0,0,0,0,0,0,0,0,0,0,0,0,0,0,0,0,0,0,0,0.0,0.0,1,0,0,0,0,0,0,0,6.6017411914962185
258,5,700.0,1,34,8.31060606060606,11.727272727272727,0,0,0,0,0,1,0,0,0,1,0,0,0,0,0,0,0,0,0,0,0,0,0,0,0,0,0,1,1,200.0,2000.0,1,0,0,0,0,0,0,0,13.948162180663985
259,6,500.0,1,34,8.31060606060606,9.785714285714286,0,0,0,0,0,1,0,0,0,1,0,0,1,0,0,0,0,0,0,0,0,0,0,0,0,0,0,1,1,150.0,1200.0,1,0,0,0,0,0,0,0,11.498417688716977
260,7,600.0,1,34,8.31060606060606,6.7,0,0,0,0,1,1,0,0,0,1,0,0,0,0,0,0,0,0,0,0,0,0,0,0,0,0,0,1,1,150.0,1600.0,1,0,0,0,0,0,0,0,8.431761531719346
179,1,300.0,3,48,8.31060606060606,8.73913043478261,0,0,0,0,0,0,0,0,1,0,0,0,0,0,0,0,0,0,0,0,0,0,0,0,0,0,0,0,0,0.0,0.0,1,0,0,0,0,0,0,0,9.945015546169772
180,2,300.0,3,48,8.31060606060606,7.428571428571429,0,0,0,0,0,0,0,0,0,0,1,0,0,0,0,0,0,0,0,0,0,0,0,0,0,0,0,1,0,50.0,0.0,1,0,0,0,0,0,0,0,8.132041867776122
181,3,400.0,3,48,8.31060606060606,13.307692307692308,0,0,0,0,0,0,0,0,0,0,1,0,0,0,0,0,0,0,0,0,0,0,0,0,0,0,0,1,0,100.0,0.0,1,0,0,0,0,0,0,0,14.115993050202789
182,4,200.0,3,48,8.31060606060606,16.09090909090909,0,0,0,1,0,0,0,0,0,0,1,0,0,0,0,0,0,0,0,0,0,0,0,0,0,0,0,0,0,0.0,0.0,1,0,0,0,0,0,0,0,16.69880590609358
183,5,200.0,3,48,8.31060606060606,4.25,0,0,0,1,0,1,0,0,1,0,0,0,0,0,0,0,0,0,0,0,0,0,0,0,0,0,0,0,0,0.0,0.0,1,0,0,0,0,0,0,0,5.1495048609461245
184,6,80.0,3,48,8.31060606060606,6.0,0,0,0,0,0,0,0,0,0,0,0,0,0,0,0,0,0,0,0,0,0,0,0,0,0,0,0,0,0,0.0,0.0,1,0,0,0,0,0,0,0,7.142213597918478
185,7,400.0,3,48,8.31060606060606,7.214285714285714,0,0,0,0,1,0,0,0,0,1,0,0,0,0,0,0,0,0,0,0,0,0,0,0,0,0,0,1,0,100.0,0.0,1,0,0,0,0,0,0,0,7.878275456293808
186,8,80.0,3,48,8.31060606060606,0.5,0,0,0,1,0,0,0,0,0,0,0,0,0,0,0,0,0,0,0,0,0,0,0,0,0,0,0,0,0,0.0,0.0,1,0,0,0,0,0,0,0,1.5690905163669182
187,9,80.0,3,48,8.31060606060606,7.0,0,0,0,0,0,0,0,0,0,0,0,0,0,0,0,0,0,0,0,0,0,0,0,0,0,0,0,0,0,0.0,0.0,1,0,0,0,0,0,0,0,8.291521312838958
188,10,500.0,3,48,8.31060606060606,7.454545454545454,0,0,0,0,0,1,0,0,1,0,0,0,0,0,0,0,0,0,0,0,0,0,0,0,0,0,0,1,1,100.0,2400.0,1,0,0,0,0,0,0,0,9.76552064288199
189,11,450.0,3,48,8.31060606060606,4.857142857142857,0,0,0,0,0,1,0,0,1,0,0,0,1,0,0,0,0,0,0,0,0,0,0,0,0,0,0,1,1,50.0,1200.0,1,0,0,0,0,0,0,0,6.7816510045472755
190,12,500.0,3,48,8.31060606060606,7.8125,0,1,0,0,0,1,0,0,0,0,0,0,0,0,0,0,0,0,0,0,0,0,0,0,0,0,0,1,1,100.0,2000.0,1,0,0,0,0,0,0,0,9.748648106024392
191,1,300.0,4,48,8.31060606060606,8.73913043478261,0,0,0,0,0,0,0,0,1,0,0,0,0,0,0,0,0,0,0,0,0,0,0,0,0,0,0,0,0,0.0,0.0,1,0,0,0,0,0,0,0,9.988520877039942
192,2,80.0,4,48,8.31060606060606,6.0,0,0,0,0,0,0,0,0,0,0,0,0,0,0,0,0,0,0,0,0,0,0,0,0,0,0,0,0,0,0.0,0.0,1,0,0,0,0,0,0,0,6.974052132842766
193,3,80.0,4,48,8.31060606060606,5.0,0,0,0,1,0,0,0,0,0,0,0,0,0,0,0,0,0,0,0,0,0,0,0,0,0,0,0,0,0,0.0,0.0,1,0,0,0,0,0,0,0,5.80552163312954
194,4,80.0,4,48,8.31060606060606,3.5,0,0,0,0,0,0,0,0,0,0,0,0,0,0,0,0,0,0,0,0,0,0,0,0,0,0,0,0,0,0.0,0.0,1,0,0,0,0,0,0,0,4.603491485913034
195,5,80.0,4,48,8.31060606060606,4.5,0,0,0,0,1,1,0,0,0,1,0,0,0,0,0,0,0,0,0,0,0,0,0,0,0,0,0,0,0,0.0,0.0,1,0,0,0,0,0,0,0,4.790068750741744
196,6,500.0,4,48,8.31060606060606,11.727272727272727,0,0,0,0,0,1,0,0,0,1,0,0,0,0,0,0,0,0,0,0,0,0,0,0,0,0,0,1,1,100.0,2000.0,1,0,0,0,0,0,0,0,13.610595472612088
197,7,450.0,4,48,8.31060606060606,9.785714285714286,0,0,0,0,0,1,0,0,0,1,0,0,1,0,0,0,0,0,0,0,0,0,0,0,0,0,0,1,1,50.0,1200.0,1,0,0,0,0,0,0,0,11.247294834627859
198,8,450.0,4,48,8.31060606060606,6.7,0,0,0,0,1,1,0,0,0,1,0,0,0,0,0,0,0,0,0,0,0,0,0,0,0,0,0,1,1,50.0,1600.0,1,0,0,0,0,0,0,0,8.123009441655043
199,9,200.0,4,48,8.31060606060606,5.777777777777778,0,0,0,1,0,1,0,0,0,0,0,0,0,0,0,0,0,0,0,0,0,0,0,0,0,0,0,0,0,0.0,0.0,1,0,0,0,0,0,0,0,6.690694298816276
200,11,200.0,4,48,8.31060606060606,2.125,0,0,0,1,0,1,0,0,0,0,0,0,0,0,0,0,0,0,0,0,0,0,0,0,0,0,0,0,0,0.0,0.0,1,0,0,0,0,0,0,0,3.178240842292536
201,12,400.0,4,48,8.31060606060606,9.357142857142858,0,1,0,0,0,0,0,0,0,0,0,0,0,0,0,0,0,0,0,0,0,0,0,0,0,0,0,1,0,100.0,0.0,1,0,0,0,0,0,0,0,10.61494013115846
202,13,400.0,4,48,8.31060606060606,7.066666666666666,0,1,0,0,0,0,0,0,0,1,0,0,0,0,0,0,0,0,0,0,0,0,0,0,0,0,0,1,0,100.0,0.0,1,0,0,0,0,0,0,0,8.378114117105204
227,1,300.0,4,34,8.31060606060606,8.73913043478261,0,0,0,0,0,0,0,0,1,0,0,0,0,0,0,0,0,0,0,0,0,0,0,0,0,0,0,1,0,50.0,0.0,1,0,0,0,0,0,0,0,10.125762360984059
228,2,300.0,4,34,8.31060606060606,7.428571428571429,0,0,0,0,0,0,0,0,0,0,1,0,0,0,0,0,0,0,0,0,0,0,0,0,0,0,0,1,0,50.0,0.0,1,0,0,0,0,0,0,0,8.481693578869095
229,3,400.0,4,34,8.31060606060606,13.307692307692308,0,0,0,0,0,0,0,0,0,0,1,0,0,0,0,0,0,0,0,0,0,0,0,0,0,0,0,1,0,100.0,0.0,1,0,0,0,0,0,0,0,14.465644761295762
230,4,200.0,4,34,8.31060606060606,16.09090909090909,0,0,0,1,0,0,0,0,0,0,1,0,0,0,0,0,0,0,0,0,0,0,0,0,0,0,0,0,0,0.0,0.0,1,0,0,0,0,0,0,0,17.048457617186553
231,5,200.0,4,34,8.31060606060606,4.25,0,0,0,1,0,1,0,0,1,0,0,0,0,0,0,0,0,0,0,0,0,0,0,0,0,0,0,0,0,0.0,0.0,1,0,0,0,0,0,0,0,5.499156572039099
232,6,400.0,4,34,8.31060606060606,7.214285714285714,0,0,0,0,1,0,0,0,0,1,0,0,0,0,0,0,0,0,0,0,0,0,0,0,0,0,0,1,0,100.0,0.0,1,0,0,0,0,0,0,0,8.175010468400313
233,7,500.0,4,34,8.31060606060606,7.454545454545454,0,0,0,0,0,1,0,0,1,0,0,0,0,0,0,0,0,0,0,0,0,0,0,0,0,0,0,1,1,200.0,2400.0,1,0,0,0,0,0,0,0,10.05601680449125
234,8,450.0,4,34,8.31060606060606,4.857142857142857,0,0,0,0,0,1,0,0,1,0,0,0,1,0,0,0,0,0,0,0,0,0,0,0,0,0,0,1,1,150.0,1200.0,1,0,0,0,0,0,0,0,7.072147166156536
235,9,500.0,4,34,8.31060606060606,7.8125,0,1,0,0,0,1,0,0,0,0,0,0,0,0,0,0,0,0,0,0,0,0,0,0,0,0,0,1,1,200.0,2000.0,1,0,0,0,0,0,0,0,10.039144267633654
203,1,300.0,5,48,8.31060606060606,8.73913043478261,0,0,0,0,0,0,0,0,1,0,0,0,0,0,0,0,0,0,0,0,0,0,0,0,0,0,0,0,0,0.0,0.0,1,0,0,0,0,0,0,0,10.03202620791011
204,2,400.0,5,48,8.31060606060606,13.307692307692308,0,0,0,0,0,0,0,0,0,0,1,0,0,0,0,0,0,0,0,0,0,0,0,0,0,0,0,1,0,100.0,0.0,1,0,0,0,0,0,0,0,14.150087012956657
205,3,300.0,5,48,8.31060606060606,7.428571428571429,0,0,0,0,0,0,0,0,0,0,1,0,0,0,0,0,0,0,0,0,0,0,0,0,0,0,0,1,0,50.0,0.0,1,0,0,0,0,0,0,0,8.27196922850293
206,4,200.0,5,48,8.31060606060606,16.09090909090909,0,0,0,1,0,0,0,0,0,0,1,0,0,0,0,0,0,0,0,0,0,0,0,0,0,0,0,0,0,0.0,0.0,1,0,0,0,0,0,0,0,16.78581656783392
207,5,400.0,5,48,8.31060606060606,7.066666666666666,0,1,0,0,0,0,0,0,0,1,0,0,0,0,0,0,0,0,0,0,0,0,0,0,0,0,0,1,0,100.0,0.0,1,0,0,0,0,0,0,0,7.998285856083609
208,6,80.0,5,48,8.31060606060606,6.0,0,0,0,0,0,0,0,0,0,0,0,0,0,0,0,0,0,0,0,0,0,0,0,0,0,0,0,0,0,0.0,0.0,1,0,0,0,0,0,0,0,7.229224259658817
209,7,200.0,5,48,8.31060606060606,4.25,0,0,0,1,0,1,0,0,1,0,0,0,0,0,0,0,0,0,0,0,0,0,0,0,0,0,0,0,0,0.0,0.0,1,0,0,0,0,0,0,0,5.342348920659405
210,8,400.0,5,48,8.31060606060606,7.214285714285714,0,0,0,0,1,0,0,0,0,1,0,0,0,0,0,0,0,0,0,0,0,0,0,0,0,0,0,1,0,100.0,0.0,1,0,0,0,0,0,0,0,8.018202817020619
211,9,80.0,5,48,8.31060606060606,0.5,0,0,0,1,0,0,0,0,0,0,0,0,0,0,0,0,0,0,0,0,0,0,0,0,0,0,0,0,0,0.0,0.0,1,0,0,0,0,0,0,0,1.7090178770937268
212,10,80.0,5,48,8.31060606060606,7.0,0,0,0,0,0,0,0,0,0,0,0,0,0,0,0,0,0,0,0,0,0,0,0,0,0,0,0,0,0,0.0,0.0,1,0,0,0,0,0,0,0,8.431448673565768
213,11,800.0,5,48,8.31060606060606,7.454545454545454,0,0,0,0,0,1,0,0,1,0,0,0,0,0,0,0,0,0,0,0,0,0,0,0,0,0,0,1,1,100.0,2400.0,1,0,0,0,0,0,0,0,10.078335711534358
214,12,500.0,5,48,8.31060606060606,4.857142857142857,0,0,0,0,0,1,0,0,1,0,0,0,1,0,0,0,0,0,0,0,0,0,0,0,0,0,0,1,1,50.0,1200.0,1,0,0,0,0,0,0,0,6.950392983261678
215,13,600.0,5,48,8.31060606060606,7.8125,0,1,0,0,0,1,0,0,0,0,0,0,0,0,0,0,0,0,0,0,0,0,0,0,0,0,0,1,1,100.0,2000.0,1,0,0,0,0,0,0,0,9.946204702726387
236,1,300.0,5,34,8.31060606060606,8.73913043478261,0,0,0,0,0,0,0,0,1,0,0,0,0,0,0,0,0,0,0,0,0,0,0,0,0,0,0,1,0,50.0,0.0,1,0,0,0,0,0,0,0,10.169267691854229
237,2,400.0,5,34,8.31060606060606,9.357142857142858,0,1,0,0,0,0,0,0,0,0,0,0,0,0,0,0,0,0,0,0,0,0,0,0,0,0,0,1,0,100.0,0.0,1,0,0,0,0,0,0,0,10.43542485238673
238,3,400.0,5,34,8.31060606060606,7.066666666666666,0,1,0,0,0,0,0,0,0,1,0,0,0,0,0,0,0,0,0,0,0,0,0,0,0,0,0,1,0,100.0,0.0,1,0,0,0,0,0,0,0,8.198598838333472
239,4,500.0,5,34,8.31060606060606,11.727272727272727,0,0,0,0,0,1,0,0,0,1,0,0,0,0,0,0,0,0,0,0,0,0,0,0,0,0,0,1,1,200.0,2000.0,1,0,0,0,0,0,0,0,13.95400833320782
240,5,450.0,5,34,8.31060606060606,9.785714285714286,0,0,0,0,0,1,0,0,0,1,0,0,1,0,0,0,0,0,0,0,0,0,0,0,0,0,0,1,1,150.0,1200.0,1,0,0,0,0,0,0,0,11.59070769522359
241,6,450.0,5,34,8.31060606060606,6.7,0,0,0,0,1,1,0,0,0,1,0,0,0,0,0,0,0,0,0,0,0,0,0,0,0,0,0,1,1,150.0,1600.0,1,0,0,0,0,0,0,0,8.466422302250775
242,7,200.0,5,34,8.31060606060606,5.777777777777778,0,0,0,1,0,1,0,0,0,0,0,0,0,0,0,0,0,0,0,0,0,0,0,0,0,0,0,0,0,0.0,0.0,1,0,0,0,0,0,0,0,6.9345126119363085
243,8,200.0,5,34,8.31060606060606,2.125,0,0,0,1,0,1,0,0,0,0,0,0,0,0,0,0,0,0,0,0,0,0,0,0,0,0,0,0,0,0.0,0.0,1,0,0,0,0,0,0,0,3.3691424564260988
216,1,300.0,6,48,8.31060606060606,8.73913043478261,0,0,0,0,0,0,0,0,1,0,0,0,0,0,0,0,0,0,0,0,0,0,0,0,0,0,0,0,0,0.0,0.0,1,0,0,0,0,0,0,0,10.07553153878028
217,2,400.0,6,48,8.31060606060606,9.357142857142858,0,1,0,0,0,0,0,0,0,0,0,0,0,0,0,0,0,0,0,0,0,0,0,0,0,0,0,1,0,100.0,0.0,1,0,0,0,0,0,0,0,10.172783803034095
218,3,80.0,6,48,8.31060606060606,6.0,0,0,0,0,0,0,0,0,0,0,0,0,0,0,0,0,0,0,0,0,0,0,0,0,0,0,0,0,0,0.0,0.0,1,0,0,0,0,0,0,0,7.113979493569575
219,4,200.0,6,48,8.31060606060606,2.125,0,0,0,1,0,1,0,0,0,0,0,0,0,0,0,0,0,0,0,0,0,0,0,0,0,0,0,0,0,0.0,0.0,1,0,0,0,0,0,0,0,2.894834611127581
220,6,80.0,6,48,8.31060606060606,5.0,0,0,0,1,0,0,0,0,0,0,0,0,0,0,0,0,0,0,0,0,0,0,0,0,0,0,0,0,0,0.0,0.0,1,0,0,0,0,0,0,0,6.05128239182929
221,7,80.0,6,48,8.31060606060606,3.5,0,0,0,0,0,0,0,0,0,0,0,0,0,0,0,0,0,0,0,0,0,0,0,0,0,0,0,0,0,0.0,0.0,1,0,0,0,0,0,0,0,4.849252244612785
222,8,80.0,6,48,8.31060606060606,4.5,0,0,0,0,1,1,0,0,0,1,0,0,0,0,0,0,0,0,0,0,0,0,0,0,0,0,0,0,0,0.0,0.0,1,0,0,0,0,0,0,0,5.035829509441495
223,9,200.0,6,48,8.31060606060606,5.777777777777778,0,0,0,1,0,1,0,0,0,0,0,0,0,0,0,0,0,0,0,0,0,0,0,0,0,0,0,0,0,0.0,0.0,1,0,0,0,0,0,0,0,6.777704960556615
224,10,700.0,6,48,8.31060606060606,11.727272727272727,0,0,0,0,0,1,0,0,0,1,0,0,0,0,0,0,0,0,0,0,0,0,0,0,0,0,0,1,1,100.0,2000.0,1,0,0,0,0,0,0,0,14.024531402248682
225,11,500.0,6,48,8.31060606060606,9.785714285714286,0,0,0,0,0,1,0,0,0,1,0,0,1,0,0,0,0,0,0,0,0,0,0,0,0,0,0,1,1,50.0,1200.0,1,0,0,0,0,0,0,0,11.574786910301674
226,12,600.0,6,48,8.31060606060606,6.7,0,0,0,0,1,1,0,0,0,1,0,0,0,0,0,0,0,0,0,0,0,0,0,0,0,0,0,1,1,50.0,1600.0,1,0,0,0,0,0,0,0,8.508130753304044
244,1,300.0,6,34,8.31060606060606,8.73913043478261,0,0,0,0,0,0,0,0,1,0,0,0,0,0,0,0,0,0,0,0,0,0,0,0,0,0,0,1,0,50.0,0.0,1,0,0,0,0,0,0,0,10.212773022724399
245,2,400.0,6,34,8.31060606060606,13.307692307692308,0,0,0,0,0,0,0,0,0,0,1,0,0,0,0,0,0,0,0,0,0,0,0,0,0,0,0,1,0,100.0,0.0,1,0,0,0,0,0,0,0,14.499738724049632
246,3,300.0,6,34,8.31060606060606,7.428571428571429,0,0,0,0,0,0,0,0,0,0,1,0,0,0,0,0,0,0,0,0,0,0,0,0,0,0,0,1,0,50.0,0.0,1,0,0,0,0,0,0,0,8.621620939595905
247,4,200.0,6,34,8.31060606060606,16.09090909090909,0,0,0,1,0,0,0,0,0,0,1,0,0,0,0,0,0,0,0,0,0,0,0,0,0,0,0,0,0,0.0,0.0,1,0,0,0,0,0,0,0,17.135468278926894
248,5,400.0,6,34,8.31060606060606,7.066666666666666,0,1,0,0,0,0,0,0,0,1,0,0,0,0,0,0,0,0,0,0,0,0,0,0,0,0,0,1,0,100.0,0.0,1,0,0,0,0,0,0,0,8.347937567176583
249,7,200.0,6,34,8.31060606060606,4.25,0,0,0,1,0,1,0,0,1,0,0,0,0,0,0,0,0,0,0,0,0,0,0,0,0,0,0,0,0,0.0,0.0,1,0,0,0,0,0,0,0,5.692000631752379
250,8,400.0,6,34,8.31060606060606,7.214285714285714,0,0,0,0,1,0,0,0,0,1,0,0,0,0,0,0,0,0,0,0,0,0,0,0,0,0,0,1,0,100.0,0.0,1,0,0,0,0,0,0,0,8.367854528113591
251,9,800.0,6,34,8.31060606060606,7.454545454545454,0,0,0,0,0,1,0,0,1,0,0,0,0,0,0,0,0,0,0,0,0,0,0,0,0,0,0,1,1,200.0,2400.0,1,0,0,0,0,0,0,0,10.421748572130088
252,10,500.0,6,34,8.31060606060606,4.857142857142857,0,0,0,0,0,1,0,0,1,0,0,0,1,0,0,0,0,0,0,0,0,0,0,0,0,0,0,1,1,150.0,1200.0,1,0,0,0,0,0,0,0,7.29380584385741
253,11,600.0,6,34,8.31060606060606,7.8125,0,1,0,0,0,1,0,0,0,0,0,0,0,0,0,0,0,0,0,0,0,0,0,0,0,0,0,1,1,200.0,2000.0,1,0,0,0,0,0,0,0,10.28961756332212
915,1,200.0,3,56,9.139240506329115,4.666666666666667,0,0,0,0,0,0,0,0,0,0,0,0,0,0,0,0,0,1,0,0,0,0,0,0,0,1,0,0,0,0.0,0.0,1,0,0,0,0,0,0,0,5.105361962582499
916,2,200.0,3,56,9.139240506329115,2.0,0,0,0,0,0,0,0,0,0,0,0,0,0,0,0,0,0,0,1,0,0,0,0,0,0,1,0,0,0,0.0,0.0,1,0,0,0,0,0,0,0,2.2139907303080575
917,3,200.0,3,56,9.139240506329115,6.666666666666667,0,0,0,0,0,0,0,0,0,0,0,0,0,0,0,0,1,0,0,0,0,0,0,0,0,1,0,0,0,0.0,0.0,1,0,0,0,0,0,0,0,6.97661044167708
918,4,350.0,3,56,9.139240506329115,15.25,0,0,0,0,0,0,0,0,1,0,0,0,0,0,0,0,1,0,0,0,0,0,0,0,0,0,0,1,0,100.0,0.0,1,0,0,0,0,0,0,0,16.099023975883696
919,5,170.0,3,56,9.139240506329115,15.5,0,0,0,1,0,0,0,0,0,0,0,0,0,0,0,0,1,0,0,0,0,0,0,0,0,0,0,0,0,0.0,0.0,1,0,0,0,0,0,0,0,15.956730891131997
920,6,160.0,3,56,9.139240506329115,14.6,0,0,0,1,0,0,0,0,0,0,1,0,0,0,0,0,1,0,0,0,0,0,0,0,0,0,0,0,0,0.0,0.0,1,0,0,0,0,0,0,0,14.940916141919836
921,7,160.0,3,56,9.139240506329115,11.666666666666666,0,0,0,1,0,0,0,0,0,0,0,0,0,0,0,0,0,0,0,0,0,1,0,0,0,0,0,0,0,0.0,0.0,1,0,0,0,0,0,0,0,12.158170304598794
922,8,160.0,3,56,9.139240506329115,12.2,0,0,0,1,0,0,0,0,0,0,0,0,0,0,0,0,0,1,0,0,0,1,0,0,0,0,0,0,0,0.0,0.0,1,0,0,0,0,0,0,0,12.862456643158978
923,9,160.0,3,56,9.139240506329115,20.4,0,0,0,1,0,0,0,0,0,0,1,0,0,0,0,0,0,1,0,0,0,0,0,0,0,0,0,0,0,0.0,0.0,1,0,0,0,0,0,0,0,21.06060057785394
924,10,350.0,3,56,9.139240506329115,3.6,0,0,0,0,0,0,0,0,1,0,0,0,0,0,0,0,0,0,0,1,0,0,0,0,0,0,0,1,0,100.0,0.0,1,0,0,0,0,0,0,0,4.097289379952088
925,11,350.0,3,56,9.139240506329115,6.833333333333333,0,0,0,0,0,0,0,0,1,0,0,0,0,0,0,0,0,0,0,0,1,0,0,0,0,0,0,1,0,100.0,0.0,1,0,0,0,0,0,0,0,7.227486321708896
926,12,170.0,3,56,9.139240506329115,4.4,0,0,0,1,0,0,0,0,0,0,0,0,0,0,0,0,0,0,0,1,0,0,0,0,0,0,0,0,0,0.0,0.0,1,0,0,0,0,0,0,0,4.552719684065449
927,13,170.0,3,56,9.139240506329115,6.333333333333333,0,0,0,1,0,0,0,0,0,0,0,0,0,0,0,0,0,0,0,0,1,0,0,0,0,0,0,0,0,0.0,0.0,1,0,0,0,0,0,0,0,6.395191722472867
928,14,160.0,3,56,9.139240506329115,5.5,0,0,0,1,0,0,0,0,0,0,1,0,0,0,0,0,0,0,0,0,1,0,0,0,0,0,0,0,0,0.0,0.0,1,0,0,0,0,0,0,0,5.4454141477914435
929,15,170.0,3,56,9.139240506329115,5.666666666666667,0,0,0,1,0,0,0,0,0,0,0,0,0,0,0,0,0,0,0,0,1,0,0,0,0,0,0,0,0,0.0,0.0,1,0,0,0,0,0,0,0,5.84065337513843
930,16,160.0,3,56,9.139240506329115,3.25,0,0,0,1,0,0,0,0,0,0,1,0,0,0,0,0,0,0,0,1,0,0,0,0,0,0,0,0,0,0.0,0.0,1,0,0,0,0,0,0,0,3.448015627322431
931,17,160.0,3,56,9.139240506329115,8.0,0,0,0,1,0,0,0,0,0,0,1,0,0,0,0,0,0,0,0,0,1,0,0,0,0,0,0,0,0,0.0,0.0,1,0,0,0,0,0,0,0,8.080558289653526
932,18,170.0,3,56,9.139240506329115,4.0,0,0,0,1,0,0,0,0,0,0,0,0,0,0,0,0,0,0,0,1,0,0,0,0,0,0,0,0,0,0.0,0.0,1,0,0,0,0,0,0,0,4.4739968307998454
933,19,170.0,3,56,9.139240506329115,5.0,0,0,0,1,0,0,0,0,0,0,0,0,0,0,0,0,0,0,0,0,1,0,0,0,0,0,0,0,0,0.0,0.0,1,0,0,0,0,0,0,0,5.391948425776933
934,20,160.0,3,56,9.139240506329115,4.0,0,0,0,1,0,0,0,0,0,0,1,0,0,0,0,0,0,0,0,1,0,0,0,0,0,0,0,0,0,0.0,0.0,1,0,0,0,0,0,0,0,4.402600636739115
935,21,160.0,3,56,9.139240506329115,5.0,0,0,0,1,0,0,0,0,0,0,1,0,0,0,0,0,0,0,0,0,1,0,0,0,0,0,0,0,0,0.0,0.0,1,0,0,0,0,0,0,0,5.320552231716204
936,1,350.0,4,56,9.139240506329115,6.25,0,0,0,0,0,0,0,0,0,1,0,0,0,0,0,0,1,0,0,0,0,0,0,0,0,0,0,1,0,100.0,0.0,1,0,0,0,0,0,0,0,6.820531969064438
937,2,350.0,4,56,9.139240506329115,12.0,0,1,0,0,0,0,0,0,1,0,0,0,0,0,0,0,1,0,0,0,0,0,0,0,0,0,0,1,0,100.0,0.0,1,0,0,0,0,0,0,0,12.538355294552238
938,3,160.0,4,56,9.139240506329115,10.25,0,0,0,1,0,0,0,0,0,0,1,0,0,0,0,0,1,0,0,0,0,0,0,0,0,0,0,0,0,0.0,0.0,1,0,0,0,0,0,0,0,10.516745737699946
939,4,160.0,4,56,9.139240506329115,6.4,0,0,0,1,0,0,0,0,0,0,0,0,0,0,0,0,1,0,0,0,0,1,0,0,0,0,0,0,0,0.0,0.0,1,0,0,0,0,0,0,0,6.73336083910857
940,5,170.0,4,56,9.139240506329115,11.0,0,0,0,1,0,0,0,0,0,0,0,0,0,0,0,0,1,0,0,0,0,0,0,0,0,0,0,0,0,0.0,0.0,1,0,0,0,0,0,0,0,11.542726941177358
941,6,350.0,4,56,9.139240506329115,8.8,0,0,0,0,0,0,0,0,1,0,0,0,0,0,0,0,0,1,0,0,0,0,0,0,0,0,0,1,0,100.0,0.0,1,0,0,0,0,0,0,0,10.074966223678413
942,7,350.0,4,56,9.139240506329115,6.6,0,0,0,0,1,0,0,0,0,0,1,0,0,0,0,0,0,1,0,0,0,0,0,0,0,0,0,1,0,100.0,0.0,1,0,0,0,0,0,0,0,6.985768225386248
943,8,160.0,4,56,9.139240506329115,19.333333333333332,0,0,0,1,0,0,0,0,0,0,1,0,0,0,0,0,0,1,0,0,0,0,0,0,0,0,0,0,0,0.0,0.0,1,0,0,0,0,0,0,0,19.994594417245835
944,9,170.0,4,56,9.139240506329115,19.2,0,0,0,1,0,0,0,0,0,0,0,0,0,0,0,0,0,1,0,0,0,0,0,0,0,0,0,0,0,0.0,0.0,1,0,0,0,0,0,0,0,20.0926663592045
945,10,140.0,4,56,9.139240506329115,8.75,0,0,0,1,0,0,0,0,0,0,0,0,0,0,0,0,0,1,0,0,0,0,0,0,0,0,0,0,0,0.0,0.0,1,0,0,0,0,0,0,0,9.776967179705249
946,11,350.0,4,56,9.139240506329115,4.25,0,0,0,0,0,0,0,0,0,1,0,0,0,0,0,0,0,0,1,0,0,0,0,0,0,0,0,1,0,100.0,0.0,1,0,0,0,0,0,0,0,5.281482927776111
947,12,350.0,4,56,9.139240506329115,5.333333333333333,0,0,0,0,1,0,0,0,0,1,0,0,0,0,0,0,0,0,1,0,0,1,0,0,0,0,0,0,0,0.0,0.0,1,0,0,0,0,0,0,0,5.768403234511203
948,13,140.0,4,56,9.139240506329115,11.333333333333334,0,0,0,1,0,0,0,0,0,0,0,0,0,0,0,0,0,0,0,0,0,1,0,0,0,0,0,0,0,0.0,0.0,1,0,0,0,0,0,0,0,12.177464109539061
949,14,350.0,4,56,9.139240506329115,3.8,0,0,0,0,1,0,0,0,0,0,1,0,0,0,0,0,0,0,1,0,0,0,0,0,0,0,0,1,0,100.0,0.0,1,0,0,0,0,0,0,0,4.2798228379691565
950,15,350.0,4,56,9.139240506329115,8.0,0,1,0,0,0,0,0,0,1,0,0,0,0,0,0,0,0,0,1,0,0,0,0,0,0,0,0,1,0,100.0,0.0,1,0,0,0,0,0,0,0,9.176941114301187
951,16,170.0,4,56,9.139240506329115,8.5,0,0,0,1,0,0,0,0,0,0,0,0,0,0,0,0,0,0,1,0,0,0,0,0,0,0,0,0,0,0.0,0.0,1,0,0,0,0,0,0,0,9.561315789894968
952,17,160.0,4,56,9.139240506329115,11.0,0,0,0,1,0,0,0,0,0,0,1,0,0,0,0,0,0,0,1,0,0,0,0,0,0,0,0,0,0,0.0,0.0,1,0,0,0,0,0,0,0,11.913396941750438
953,18,170.0,4,56,9.139240506329115,8.2,0,0,0,1,0,0,0,0,0,0,0,0,0,0,0,0,0,0,1,0,0,0,0,0,0,0,0,0,0,0.0,0.0,1,0,0,0,0,0,0,0,9.369981902479587
954,1,140.0,5,56,9.139240506329115,9.75,0,0,0,0,0,0,0,0,0,0,0,0,0,0,0,0,0,0,0,0,0,0,0,0,0,0,0,0,0,0.0,0.0,1,0,0,0,0,0,0,0,10.44259717506907
955,2,140.0,5,56,9.139240506329115,5.5,0,0,0,0,0,0,0,0,0,0,1,0,0,0,0,0,0,0,0,0,0,0,0,0,0,0,0,0,0,0.0,0.0,1,0,0,0,0,0,0,0,6.114177329284847
956,3,170.0,5,56,9.139240506329115,14.0,0,0,0,1,0,0,0,0,0,0,0,0,0,0,0,0,1,0,0,0,0,0,0,0,0,0,0,0,0,0.0,0.0,1,0,0,0,0,0,0,0,14.452071727957792
957,4,350.0,5,56,9.139240506329115,4.75,0,0,0,0,1,0,0,0,0,0,1,0,0,0,0,0,1,0,0,0,0,0,0,0,0,0,0,1,0,100.0,0.0,1,0,0,0,0,0,0,0,4.822291711268531
958,5,160.0,5,56,9.139240506329115,14.833333333333334,0,0,0,1,0,0,0,0,0,0,1,0,0,0,0,0,1,0,0,0,0,0,0,0,0,0,0,0,0,0.0,0.0,1,0,0,0,0,0,0,0,15.206140215531287
959,6,140.0,5,56,9.139240506329115,5.0,0,0,0,1,0,0,0,0,0,0,0,0,0,0,0,0,1,0,0,0,0,0,0,0,0,0,0,0,0,0.0,0.0,1,0,0,0,0,0,0,0,5.678514492475033
960,7,350.0,5,56,9.139240506329115,8.75,0,0,0,0,0,0,0,0,0,1,0,0,0,0,0,0,0,1,0,0,0,0,0,0,0,0,0,1,0,100.0,0.0,1,0,0,0,0,0,0,0,9.873631693556598
961,8,350.0,5,56,9.139240506329115,7.333333333333333,0,1,0,0,0,0,0,0,1,0,0,0,0,0,0,0,0,1,0,0,0,0,0,0,0,0,0,1,0,100.0,0.0,1,0,0,0,0,0,0,0,8.492458756990077
962,9,350.0,5,56,9.139240506329115,3.2,0,0,0,0,1,0,0,0,0,0,0,0,0,0,0,0,0,1,0,0,0,1,0,0,0,0,0,0,0,0.0,0.0,1,0,0,0,0,0,0,0,3.863663907274831
963,10,170.0,5,56,9.139240506329115,16.0,0,0,0,1,0,0,0,0,0,0,0,0,0,0,0,0,0,1,0,0,0,0,0,0,0,0,0,0,0,0.0,0.0,1,0,0,0,0,0,0,0,17.01930401158572
964,11,160.0,5,56,9.139240506329115,18.5,0,0,0,1,0,0,0,0,0,0,1,0,0,0,0,0,0,1,0,0,0,0,0,0,0,0,0,0,0,0.0,0.0,1,0,0,0,0,0,0,0,19.37138516344119
965,12,170.0,5,56,9.139240506329115,10.2,0,0,0,1,0,0,0,0,0,0,0,0,0,0,0,0,0,1,0,0,0,0,0,0,0,0,0,0,0,0.0,0.0,1,0,0,0,0,0,0,0,11.379903225384465
966,13,350.0,5,56,9.139240506329115,6.25,0,0,0,0,0,0,0,0,1,0,0,0,0,0,0,0,0,0,1,0,0,0,0,0,0,0,0,1,0,100.0,0.0,1,0,0,0,0,0,0,0,7.660165571621757
967,14,160.0,5,56,9.139240506329115,10.666666666666666,0,0,0,1,0,0,0,0,0,0,1,0,0,0,0,0,0,0,1,0,0,0,0,0,0,0,0,0,0,0.0,0.0,1,0,0,0,0,0,0,0,11.467966303007506
968,15,170.0,5,56,9.139240506329115,11.0,0,0,0,1,0,0,0,0,0,0,0,0,0,0,0,0,0,0,1,0,0,0,0,0,0,0,0,0,0,0.0,0.0,1,0,0,0,0,0,0,0,12.028298466681338
969,16,160.0,5,56,9.139240506329115,11.8,0,0,0,1,0,0,0,0,0,0,0,0,0,0,0,0,0,0,0,0,0,1,0,0,0,0,0,0,0,0.0,0.0,1,0,0,0,0,0,0,0,12.853505606278844
970,17,160.0,5,56,9.139240506329115,3.0,0,0,0,0,0,0,0,0,0,0,0,0,0,0,0,0,0,0,0,0,0,0,0,0,0,0,0,0,0,0.0,0.0,1,0,0,0,0,0,0,0,4.614526284810425
708,1,300.0,3,25,17.212389380530972,30.0,0,0,0,0,0,0,0,0,1,0,0,0,1,0,0,0,0,0,0,0,0,0,0,0,0,0,0,0,0,0.0,0.0,0,1,0,0,0,0,0,0,31.775122060379637
709,2,300.0,3,25,17.212389380530972,17.0,0,0,0,0,0,0,0,0,1,0,0,0,0,0,0,0,0,0,0,0,0,0,0,0,0,0,0,0,0,0.0,0.0,0,1,0,0,0,0,0,0,19.423334514947534
710,3,250.0,3,25,17.212389380530972,12.8,0,0,0,1,0,0,0,1,0,0,0,0,0,0,0,0,0,0,0,0,0,0,0,0,0,0,0,0,0,0.0,0.0,0,1,0,0,0,0,0,0,15.884100156697478
711,4,300.0,3,25,17.212389380530972,18.6,0,0,0,0,0,0,0,1,0,0,0,0,0,0,0,0,0,0,0,0,0,0,0,1,0,0,0,0,0,0.0,0.0,0,1,0,0,0,0,0,0,22.550460412423043
712,5,30.0,3,25,17.212389380530972,13.5,0,0,0,1,0,0,0,0,0,0,1,0,0,0,0,0,0,0,0,0,0,0,0,0,0,0,0,0,0,0.0,0.0,0,1,0,0,0,0,0,0,15.329843157460111
713,6,250.0,3,25,17.212389380530972,36.666666666666664,0,0,0,1,0,0,0,0,0,0,1,0,0,0,0,0,0,0,0,0,0,0,0,0,0,0,0,0,0,0.0,0.0,0,1,0,0,0,0,0,0,38.45746232502341
714,7,250.0,3,25,17.212389380530972,15.666666666666666,0,0,0,1,0,0,0,0,0,0,0,0,0,0,0,0,0,0,0,0,0,0,0,0,0,0,0,0,0,0.0,0.0,0,1,0,0,0,0,0,0,17.880135715263595
715,8,300.0,3,25,17.212389380530972,30.833333333333332,0,1,0,0,0,0,0,0,0,0,0,0,0,0,0,0,0,0,0,0,0,0,0,0,0,0,0,0,0,0.0,0.0,0,1,0,0,0,0,0,0,32.937185462863944
716,9,300.0,3,25,17.212389380530972,10.25,0,0,0,0,0,0,0,0,0,1,0,0,1,0,0,0,0,0,0,0,0,0,0,0,0,0,0,0,0,0.0,0.0,0,1,0,0,0,0,0,0,12.386714018459905
717,10,250.0,3,25,17.212389380530972,19.0,0,0,0,1,0,0,0,0,0,0,0,0,1,0,0,0,0,0,0,0,0,0,0,0,0,0,0,0,0,0.0,0.0,0,1,0,0,0,0,0,0,20.868199749684592
718,11,300.0,3,25,17.212389380530972,8.75,0,0,0,0,0,0,0,1,0,1,0,0,0,0,0,0,0,0,0,0,0,0,0,0,0,0,0,0,0,0.0,0.0,0,1,0,0,0,0,0,0,12.534485520768046
719,12,300.0,3,25,17.212389380530972,10.5,0,0,0,0,0,0,0,1,0,0,0,1,0,0,0,0,0,0,0,0,0,0,0,0,0,0,0,0,0,0.0,0.0,0,1,0,0,0,0,0,0,14.412626994396064
720,13,250.0,3,25,17.212389380530972,6.5,0,0,0,1,0,0,0,1,0,0,0,0,0,0,0,0,0,0,0,0,0,0,0,0,1,0,0,0,0,0.0,0.0,0,1,0,0,0,0,0,0,8.861744594552148
721,14,30.0,3,25,17.212389380530972,13.8,0,0,0,0,0,0,0,0,0,0,1,0,0,0,0,0,0,0,0,0,0,0,0,0,0,0,0,0,0,0.0,0.0,0,1,0,0,0,0,0,0,16.334150314465298
722,15,300.0,3,25,17.212389380530972,37.8,0,0,0,0,0,0,0,0,0,0,1,0,0,0,0,0,0,0,0,0,0,0,0,0,0,0,0,0,0,0.0,0.0,0,1,0,0,0,0,0,0,40.3160487816504
723,16,30.0,3,25,17.212389380530972,10.8,0,0,0,1,0,0,0,0,0,0,1,0,0,0,0,0,0,0,0,0,0,0,0,0,0,0,0,0,0,0.0,0.0,0,1,0,0,0,0,0,0,13.237421277816406
724,17,250.0,3,25,17.212389380530972,36.0,0,0,0,1,0,0,0,0,0,0,1,0,0,0,0,0,0,0,0,0,0,0,0,0,0,0,0,0,0,0.0,0.0,0,1,0,0,0,0,0,0,38.379174268567205
725,18,250.0,3,25,17.212389380530972,24.2,0,0,0,1,0,0,0,0,0,0,0,0,0,0,0,0,0,0,0,0,0,0,0,0,0,0,0,0,0,0.0,0.0,0,1,0,0,0,0,0,0,26.914977744049224
726,19,300.0,3,25,17.212389380530972,16.5,0,1,0,0,0,0,0,0,0,1,0,0,0,0,0,0,0,0,0,0,0,0,0,0,0,0,0,0,0,0.0,0.0,0,1,0,0,0,0,0,0,19.300382553801384
727,20,250.0,3,25,17.212389380530972,18.0,0,0,0,1,0,0,0,0,0,0,0,0,0,0,0,0,0,0,0,0,0,0,0,0,0,0,0,0,0,0.0,0.0,0,1,0,0,0,0,0,0,20.87935391066354
728,21,100.0,3,25,17.212389380530972,2.75,0,0,0,0,1,0,0,0,0,1,0,0,0,0,0,0,0,0,0,0,0,0,0,0,0,0,0,0,0,0.0,0.0,0,1,0,0,0,0,0,0,5.385731924661656
729,22,300.0,3,25,17.212389380530972,14.5,0,0,0,0,0,0,0,0,0,1,0,0,0,0,0,0,0,0,0,0,0,0,0,0,0,0,0,0,0,0.0,0.0,0,1,0,0,0,0,0,0,17.757045770693875
730,23,300.0,3,25,17.212389380530972,9.333333333333334,0,0,0,0,0,0,0,1,1,0,0,0,0,0,0,0,0,0,0,0,0,0,0,0,0,0,0,0,0,0.0,0.0,0,1,0,0,0,0,0,0,13.99553986483005
731,24,300.0,3,25,17.212389380530972,17.2,0,1,0,0,0,0,0,1,0,0,0,0,0,0,0,0,0,0,0,0,0,0,0,0,0,0,0,0,0,0.0,0.0,0,1,0,0,0,0,0,0,21.33448019731307
732,25,250.0,3,25,17.212389380530972,12.666666666666666,0,0,0,1,0,0,0,0,0,0,1,0,0,0,0,0,0,0,0,0,0,0,0,0,0,0,0,0,0,0.0,0.0,0,1,0,0,0,0,0,0,15.689496774700709
971,1,200.0,3,55,9.139240506329115,6.666666666666667,0,0,0,0,0,0,0,0,0,0,0,0,0,0,0,0,1,0,0,0,0,0,0,0,0,1,0,0,0,0.0,0.0,0,1,0,0,0,0,0,0,8.666441141997462
972,2,350.0,3,55,9.139240506329115,15.25,0,0,0,0,0,0,0,0,1,0,0,0,0,0,0,0,1,0,0,0,0,0,0,0,0,0,0,1,0,100.0,0.0,0,1,0,0,0,0,0,0,17.788854676204075
973,3,170.0,3,55,9.139240506329115,15.5,0,0,0,1,0,0,0,0,0,0,0,0,0,0,0,0,1,0,0,0,0,0,0,0,0,0,0,0,0,0.0,0.0,0,1,0,0,0,0,0,0,17.64656159145238
974,4,160.0,3,55,9.139240506329115,14.6,0,0,0,1,0,0,0,0,0,0,1,0,0,0,0,0,1,0,0,0,0,0,0,0,0,0,0,0,0,0.0,0.0,0,1,0,0,0,0,0,0,16.630746842240214
975,5,200.0,3,55,9.139240506329115,4.666666666666667,0,0,0,0,0,0,0,0,0,0,0,0,0,0,0,0,0,1,0,0,0,0,0,0,0,1,0,0,0,0.0,0.0,0,1,0,0,0,0,0,0,7.112692856821703
976,6,160.0,3,55,9.139240506329115,11.666666666666666,0,0,0,1,0,0,0,0,0,0,0,0,0,0,0,0,0,0,0,0,0,1,0,0,0,0,0,0,0,0.0,0.0,0,1,0,0,0,0,0,0,13.900917703905645
977,7,160.0,3,55,9.139240506329115,12.2,0,0,0,1,0,0,0,0,0,0,0,0,0,0,0,0,0,1,0,0,0,1,0,0,0,0,0,0,0,0.0,0.0,0,1,0,0,0,0,0,0,14.605204042465829
978,8,160.0,3,55,9.139240506329115,20.4,0,0,0,1,0,0,0,0,0,0,1,0,0,0,0,0,0,1,0,0,0,0,0,0,0,0,0,0,0,0.0,0.0,0,1,0,0,0,0,0,0,22.80334797716079
979,9,350.0,3,55,9.139240506329115,3.6,0,0,0,0,0,0,0,0,1,0,0,0,0,0,0,0,0,0,0,1,0,0,0,0,0,0,0,1,0,100.0,0.0,0,1,0,0,0,0,0,0,5.84003677925894
980,10,350.0,3,55,9.139240506329115,6.833333333333333,0,0,0,0,0,0,0,0,1,0,0,0,0,0,0,0,0,0,0,0,1,0,0,0,0,0,0,1,0,100.0,0.0,0,1,0,0,0,0,0,0,8.970233721015747
981,11,170.0,3,55,9.139240506329115,4.4,0,0,0,1,0,0,0,0,0,0,0,0,0,0,0,0,0,0,0,1,0,0,0,0,0,0,0,0,0,0.0,0.0,0,1,0,0,0,0,0,0,6.2954670833723005
982,12,170.0,3,55,9.139240506329115,6.333333333333333,0,0,0,1,0,0,0,0,0,0,0,0,0,0,0,0,0,0,0,0,1,0,0,0,0,0,0,0,0,0.0,0.0,0,1,0,0,0,0,0,0,8.137939121779718
983,13,160.0,3,55,9.139240506329115,5.5,0,0,0,1,0,0,0,0,0,0,1,0,0,0,0,0,0,0,0,0,1,0,0,0,0,0,0,0,0,0.0,0.0,0,1,0,0,0,0,0,0,7.188161547098295
984,14,170.0,3,55,9.139240506329115,5.666666666666667,0,0,0,1,0,0,0,0,0,0,0,0,0,0,0,0,0,0,0,0,1,0,0,0,0,0,0,0,0,0.0,0.0,0,1,0,0,0,0,0,0,7.583400774445281
985,15,160.0,3,55,9.139240506329115,3.25,0,0,0,1,0,0,0,0,0,0,1,0,0,0,0,0,0,0,0,1,0,0,0,0,0,0,0,0,0,0.0,0.0,0,1,0,0,0,0,0,0,5.190763026629282
986,16,160.0,3,55,9.139240506329115,8.0,0,0,0,1,0,0,0,0,0,0,1,0,0,0,0,0,0,0,0,0,1,0,0,0,0,0,0,0,0,0.0,0.0,0,1,0,0,0,0,0,0,9.823305688960378
987,17,170.0,3,55,9.139240506329115,4.0,0,0,0,1,0,0,0,0,0,0,0,0,0,0,0,0,0,0,0,1,0,0,0,0,0,0,0,0,0,0.0,0.0,0,1,0,0,0,0,0,0,6.216744230106697
988,18,170.0,3,55,9.139240506329115,5.0,0,0,0,1,0,0,0,0,0,0,0,0,0,0,0,0,0,0,0,0,1,0,0,0,0,0,0,0,0,0.0,0.0,0,1,0,0,0,0,0,0,7.134695825083785
989,19,160.0,3,55,9.139240506329115,4.0,0,0,0,1,0,0,0,0,0,0,1,0,0,0,0,0,0,0,0,1,0,0,0,0,0,0,0,0,0,0.0,0.0,0,1,0,0,0,0,0,0,6.145348036045967
990,20,160.0,3,55,9.139240506329115,5.0,0,0,0,1,0,0,0,0,0,0,1,0,0,0,0,0,0,0,0,0,1,0,0,0,0,0,0,0,0,0.0,0.0,0,1,0,0,0,0,0,0,7.063299631023055
991,1,350.0,4,55,9.139240506329115,6.25,0,0,0,0,0,0,0,0,0,1,0,0,0,0,0,0,1,0,0,0,0,0,0,0,0,0,0,1,0,100.0,0.0,0,1,0,0,0,0,0,0,8.61619606735776
992,2,350.0,4,55,9.139240506329115,12.0,0,1,0,0,0,0,0,0,1,0,0,0,0,0,0,0,1,0,0,0,0,0,0,0,0,0,0,1,0,100.0,0.0,0,1,0,0,0,0,0,0,14.33401939284556
993,3,160.0,4,55,9.139240506329115,10.25,0,0,0,1,0,0,0,0,0,0,1,0,0,0,0,0,1,0,0,0,0,0,0,0,0,0,0,0,0,0.0,0.0,0,1,0,0,0,0,0,0,12.312409835993268
994,4,160.0,4,55,9.139240506329115,6.4,0,0,0,1,0,0,0,0,0,0,0,0,0,0,0,0,1,0,0,0,0,1,0,0,0,0,0,0,0,0.0,0.0,0,1,0,0,0,0,0,0,8.529024937401893
995,5,170.0,4,55,9.139240506329115,11.0,0,0,0,1,0,0,0,0,0,0,0,0,0,0,0,0,1,0,0,0,0,0,0,0,0,0,0,0,0,0.0,0.0,0,1,0,0,0,0,0,0,13.33839103947068
996,6,350.0,4,55,9.139240506329115,8.8,0,0,0,0,0,0,0,0,1,0,0,0,0,0,0,0,0,1,0,0,0,0,0,0,0,0,0,1,0,100.0,0.0,0,1,0,0,0,0,0,0,11.870630321971735
997,7,350.0,4,55,9.139240506329115,6.6,0,0,0,0,1,0,0,0,0,0,1,0,0,0,0,0,0,1,0,0,0,0,0,0,0,0,0,1,0,100.0,0.0,0,1,0,0,0,0,0,0,8.78143232367957
998,8,160.0,4,55,9.139240506329115,19.333333333333332,0,0,0,1,0,0,0,0,0,0,1,0,0,0,0,0,0,1,0,0,0,0,0,0,0,0,0,0,0,0.0,0.0,0,1,0,0,0,0,0,0,21.790258515539158
999,9,170.0,4,55,9.139240506329115,19.2,0,0,0,1,0,0,0,0,0,0,0,0,0,0,0,0,0,1,0,0,0,0,0,0,0,0,0,0,0,0.0,0.0,0,1,0,0,0,0,0,0,21.888330457497823
1000,10,140.0,4,55,9.139240506329115,8.75,0,0,0,1,0,0,0,0,0,0,0,0,0,0,0,0,0,1,0,0,0,0,0,0,0,0,0,0,0,0.0,0.0,0,1,0,0,0,0,0,0,11.572631277998571
1001,11,350.0,4,55,9.139240506329115,4.25,0,0,0,0,0,0,0,0,0,1,0,0,0,0,0,0,0,0,1,0,0,0,0,0,0,0,0,1,0,100.0,0.0,0,1,0,0,0,0,0,0,7.077147026069432
1002,12,350.0,4,55,9.139240506329115,5.333333333333333,0,0,0,0,1,0,0,0,0,1,0,0,0,0,0,0,0,0,1,0,0,1,0,0,0,0,0,0,0,0.0,0.0,0,1,0,0,0,0,0,0,7.564067332804525
1003,13,140.0,4,55,9.139240506329115,11.333333333333334,0,0,0,1,0,0,0,0,0,0,0,0,0,0,0,0,0,0,0,0,0,1,0,0,0,0,0,0,0,0.0,0.0,0,1,0,0,0,0,0,0,13.973128207832383
1004,14,350.0,4,55,9.139240506329115,3.8,0,0,0,0,1,0,0,0,0,0,1,0,0,0,0,0,0,0,1,0,0,0,0,0,0,0,0,1,0,100.0,0.0,0,1,0,0,0,0,0,0,6.075486936262478
1005,15,350.0,4,55,9.139240506329115,8.0,0,1,0,0,0,0,0,0,1,0,0,0,0,0,0,0,0,0,1,0,0,0,0,0,0,0,0,1,0,100.0,0.0,0,1,0,0,0,0,0,0,10.972605212594509
1006,16,170.0,4,55,9.139240506329115,8.5,0,0,0,1,0,0,0,0,0,0,0,0,0,0,0,0,0,0,1,0,0,0,0,0,0,0,0,0,0,0.0,0.0,0,1,0,0,0,0,0,0,11.35697988818829
1007,17,160.0,4,55,9.139240506329115,11.0,0,0,0,1,0,0,0,0,0,0,1,0,0,0,0,0,0,0,1,0,0,0,0,0,0,0,0,0,0,0.0,0.0,0,1,0,0,0,0,0,0,13.70906104004376
1008,18,170.0,4,55,9.139240506329115,8.2,0,0,0,1,0,0,0,0,0,0,0,0,0,0,0,0,0,0,1,0,0,0,0,0,0,0,0,0,0,0.0,0.0,0,1,0,0,0,0,0,0,11.16564600077291
1009,1,140.0,5,55,9.139240506329115,9.75,0,0,0,0,0,0,0,0,0,0,0,0,0,0,0,0,0,0,0,0,0,0,0,0,0,0,0,0,0,0.0,0.0,0,1,0,0,0,0,0,0,12.23826127336239
1010,2,140.0,5,55,9.139240506329115,5.5,0,0,0,0,0,0,0,0,0,0,1,0,0,0,0,0,0,0,0,0,0,0,0,0,0,0,0,0,0,0.0,0.0,0,1,0,0,0,0,0,0,7.909841427578169
1011,3,170.0,5,55,9.139240506329115,14.0,0,0,0,1,0,0,0,0,0,0,0,0,0,0,0,0,1,0,0,0,0,0,0,0,0,0,0,0,0,0.0,0.0,0,1,0,0,0,0,0,0,16.247735826251112
1012,4,350.0,5,55,9.139240506329115,4.75,0,0,0,0,1,0,0,0,0,0,1,0,0,0,0,0,1,0,0,0,0,0,0,0,0,0,0,1,0,100.0,0.0,0,1,0,0,0,0,0,0,6.617955809561853
1013,5,160.0,5,55,9.139240506329115,14.833333333333334,0,0,0,1,0,0,0,0,0,0,1,0,0,0,0,0,1,0,0,0,0,0,0,0,0,0,0,0,0,0.0,0.0,0,1,0,0,0,0,0,0,17.001804313824607
1014,6,140.0,5,55,9.139240506329115,5.0,0,0,0,1,0,0,0,0,0,0,0,0,0,0,0,0,1,0,0,0,0,0,0,0,0,0,0,0,0,0.0,0.0,0,1,0,0,0,0,0,0,7.4741785907683544
1015,7,350.0,5,55,9.139240506329115,8.75,0,0,0,0,0,0,0,0,0,1,0,0,0,0,0,0,0,1,0,0,0,0,0,0,0,0,0,1,0,100.0,0.0,0,1,0,0,0,0,0,0,11.66929579184992
1016,8,350.0,5,55,9.139240506329115,7.333333333333333,0,1,0,0,0,0,0,0,1,0,0,0,0,0,0,0,0,1,0,0,0,0,0,0,0,0,0,1,0,100.0,0.0,0,1,0,0,0,0,0,0,10.2881228552834
1017,9,350.0,5,55,9.139240506329115,3.2,0,0,0,0,1,0,0,0,0,0,0,0,0,0,0,0,0,1,0,0,0,1,0,0,0,0,0,0,0,0.0,0.0,0,1,0,0,0,0,0,0,5.659328005568153
1018,10,170.0,5,55,9.139240506329115,16.0,0,0,0,1,0,0,0,0,0,0,0,0,0,0,0,0,0,1,0,0,0,0,0,0,0,0,0,0,0,0.0,0.0,0,1,0,0,0,0,0,0,18.814968109879043
1019,11,160.0,5,55,9.139240506329115,18.5,0,0,0,1,0,0,0,0,0,0,1,0,0,0,0,0,0,1,0,0,0,0,0,0,0,0,0,0,0,0.0,0.0,0,1,0,0,0,0,0,0,21.167049261734512
1020,12,170.0,5,55,9.139240506329115,10.2,0,0,0,1,0,0,0,0,0,0,0,0,0,0,0,0,0,1,0,0,0,0,0,0,0,0,0,0,0,0.0,0.0,0,1,0,0,0,0,0,0,13.175567323677786
1021,13,350.0,5,55,9.139240506329115,6.25,0,0,0,0,0,0,0,0,1,0,0,0,0,0,0,0,0,0,1,0,0,0,0,0,0,0,0,1,0,100.0,0.0,0,1,0,0,0,0,0,0,9.45582966991508
1022,14,160.0,5,55,9.139240506329115,10.666666666666666,0,0,0,1,0,0,0,0,0,0,1,0,0,0,0,0,0,0,1,0,0,0,0,0,0,0,0,0,0,0.0,0.0,0,1,0,0,0,0,0,0,13.263630401300828
1023,15,170.0,5,55,9.139240506329115,11.0,0,0,0,1,0,0,0,0,0,0,0,0,0,0,0,0,0,0,1,0,0,0,0,0,0,0,0,0,0,0.0,0.0,0,1,0,0,0,0,0,0,13.823962564974659
1024,16,160.0,5,55,9.139240506329115,11.8,0,0,0,1,0,0,0,0,0,0,0,0,0,0,0,0,0,0,0,0,0,1,0,0,0,0,0,0,0,0.0,0.0,0,1,0,0,0,0,0,0,14.649169704572166
1025,17,160.0,5,55,9.139240506329115,3.0,0,0,0,0,0,0,0,0,0,0,0,0,0,0,0,0,0,0,0,0,0,0,0,0,0,0,0,0,0,0.0,0.0,0,1,0,0,0,0,0,0,6.410190383103746
733,1,300.0,3,25,17.212389380530972,30.0,0,0,0,0,0,0,0,0,1,0,0,0,1,0,0,0,0,0,0,0,0,0,0,0,0,0,0,0,0,0.0,0.0,0,0,1,0,0,0,0,0,28.549521858511774
734,2,300.0,3,25,17.212389380530972,17.0,0,0,0,0,0,0,0,0,1,0,0,0,0,0,0,0,0,0,0,0,0,0,0,0,0,0,0,0,0,0.0,0.0,0,0,1,0,0,0,0,0,16.197734313079668
735,3,250.0,3,25,17.212389380530972,12.8,0,0,0,1,0,0,0,1,0,0,0,0,0,0,0,0,0,0,0,0,0,0,0,0,0,0,0,0,0,0.0,0.0,0,0,1,0,0,0,0,0,12.658499954829614
736,4,300.0,3,25,17.212389380530972,18.6,0,0,0,0,0,0,0,1,0,0,0,0,0,0,0,0,0,0,0,0,0,0,0,1,0,0,0,0,0,0.0,0.0,0,0,1,0,0,0,0,0,19.32486021055518
737,5,250.0,3,25,17.212389380530972,36.666666666666664,0,0,0,1,0,0,0,0,0,0,1,0,0,0,0,0,0,0,0,0,0,0,0,0,0,0,0,0,0,0.0,0.0,0,0,1,0,0,0,0,0,35.178945424169065
738,6,30.0,3,25,17.212389380530972,13.5,0,0,0,1,0,0,0,0,0,0,1,0,0,0,0,0,0,0,0,0,0,0,0,0,0,0,0,0,0,0.0,0.0,0,0,1,0,0,0,0,0,12.157159654578718
739,7,250.0,3,25,17.212389380530972,15.666666666666666,0,0,0,1,0,0,0,0,0,0,0,0,0,0,0,0,0,0,0,0,0,0,0,0,0,0,0,0,0,0.0,0.0,0,0,1,0,0,0,0,0,14.65453551339573
740,8,250.0,3,25,17.212389380530972,36.0,0,0,0,1,0,0,0,0,0,0,1,0,0,0,0,0,0,0,0,0,0,0,0,0,0,0,0,0,0,0.0,0.0,0,0,1,0,0,0,0,0,34.6773237758211
741,9,30.0,3,25,17.212389380530972,10.8,0,0,0,1,0,0,0,0,0,0,1,0,0,0,0,0,0,0,0,0,0,0,0,0,0,0,0,0,0,0.0,0.0,0,0,1,0,0,0,0,0,9.641404183043246
742,10,300.0,3,25,17.212389380530972,30.833333333333332,0,1,0,0,0,0,0,0,0,0,0,0,0,0,0,0,0,0,0,0,0,0,0,0,0,0,0,0,0,0.0,0.0,0,0,1,0,0,0,0,0,29.817418658969018
743,11,250.0,3,25,17.212389380530972,19.0,0,0,0,1,0,0,0,0,0,0,0,0,1,0,0,0,0,0,0,0,0,0,0,0,0,0,0,0,0,0.0,0.0,0,0,1,0,0,0,0,0,17.6955162468032
744,12,300.0,3,25,17.212389380530972,10.25,0,0,0,0,0,0,0,0,0,1,0,0,1,0,0,0,0,0,0,0,0,0,0,0,0,0,0,0,0,0.0,0.0,0,0,1,0,0,0,0,0,9.319863913551451
745,13,300.0,3,25,17.212389380530972,8.75,0,0,0,0,0,0,0,1,0,1,0,0,0,0,0,0,0,0,0,0,0,0,0,0,0,0,0,0,0,0.0,0.0,0,0,1,0,0,0,0,0,9.414718716873121
746,14,300.0,3,25,17.212389380530972,10.5,0,0,0,0,0,0,0,1,0,0,0,1,0,0,0,0,0,0,0,0,0,0,0,0,0,0,0,0,0,0.0,0.0,0,0,1,0,0,0,0,0,11.29286019050114
747,15,300.0,3,25,17.212389380530972,37.8,0,0,0,0,0,0,0,0,0,0,1,0,0,0,0,0,0,0,0,0,0,0,0,0,0,0,0,0,0,0.0,0.0,0,0,1,0,0,0,0,0,37.09044857978253
748,16,30.0,3,25,17.212389380530972,13.8,0,0,0,0,0,0,0,0,0,0,1,0,0,0,0,0,0,0,0,0,0,0,0,0,0,0,0,0,0,0.0,0.0,0,0,1,0,0,0,0,0,13.214383510570372
749,17,250.0,3,25,17.212389380530972,6.5,0,0,0,1,0,0,0,1,0,0,0,0,0,0,0,0,0,0,0,0,0,0,0,0,1,0,0,0,0,0.0,0.0,0,0,1,0,0,0,0,0,5.847811188630165
750,18,300.0,3,25,17.212389380530972,17.2,0,1,0,0,0,0,0,1,0,0,0,0,0,0,0,0,0,0,0,0,0,0,0,0,0,0,0,0,0,0.0,0.0,0,0,1,0,0,0,0,0,17.79137980152638
751,19,300.0,3,25,17.212389380530972,16.5,0,1,0,0,0,0,0,0,0,1,0,0,0,0,0,0,0,0,0,0,0,0,0,0,0,0,0,0,0,0.0,0.0,0,0,1,0,0,0,0,0,16.07478235193352
752,20,250.0,3,25,17.212389380530972,12.666666666666666,0,0,0,1,0,0,0,0,0,0,1,0,0,0,0,0,0,0,0,0,0,0,0,0,0,0,0,0,0,0.0,0.0,0,0,1,0,0,0,0,0,12.199313077900491
753,21,250.0,3,25,17.212389380530972,18.0,0,0,0,1,0,0,0,0,0,0,0,0,0,0,0,0,0,0,0,0,0,0,0,0,0,0,0,0,0,0.0,0.0,0,0,1,0,0,0,0,0,17.706670407782145
754,22,250.0,3,25,17.212389380530972,24.2,0,0,0,1,0,0,0,0,0,0,0,0,0,0,0,0,0,0,0,0,0,0,0,0,0,0,0,0,0,0.0,0.0,0,0,1,0,0,0,0,0,23.901044338127242
755,23,300.0,3,25,17.212389380530972,14.5,0,0,0,0,0,0,0,0,0,1,0,0,0,0,0,0,0,0,0,0,0,0,0,0,0,0,0,0,0,0.0,0.0,0,0,1,0,0,0,0,0,14.58436226781248
756,24,100.0,3,25,17.212389380530972,2.75,0,0,0,0,1,0,0,0,0,1,0,0,0,0,0,0,0,0,0,0,0,0,0,0,0,0,0,0,0,0.0,0.0,0,0,1,0,0,0,0,0,2.3188818197532024
757,25,300.0,3,25,17.212389380530972,9.333333333333334,0,0,0,0,0,0,0,1,1,0,0,0,0,0,0,0,0,0,0,0,0,0,0,0,0,0,0,0,0,0.0,0.0,0,0,1,0,0,0,0,0,10.875773060935126
261,1,300.0,3,34,8.31060606060606,8.73913043478261,0,0,0,0,0,0,0,0,1,0,0,0,0,0,0,0,0,0,0,0,0,0,0,0,0,0,0,1,0,50.0,0.0,0,0,0,1,0,0,0,0,7.503382446961166
262,2,300.0,3,34,8.31060606060606,7.428571428571429,0,0,0,0,0,0,0,0,0,0,1,0,0,0,0,0,0,0,0,0,0,0,0,0,0,0,0,1,0,50.0,0.0,0,0,0,1,0,0,0,0,5.859313664846201
263,3,400.0,3,34,8.31060606060606,13.307692307692308,0,0,0,0,0,0,0,0,0,0,1,0,0,0,0,0,0,0,0,0,0,0,0,0,0,0,0,1,0,100.0,0.0,0,0,0,1,0,0,0,0,11.843264847272868
264,4,200.0,3,34,8.31060606060606,16.09090909090909,0,0,0,1,0,0,0,0,0,0,1,0,0,0,0,0,0,0,0,0,0,0,0,0,0,0,0,0,0,0.0,0.0,0,0,0,1,0,0,0,0,14.42607770316366
265,5,200.0,3,34,8.31060606060606,4.25,0,0,0,1,0,1,0,0,1,0,0,0,0,0,0,0,0,0,0,0,0,0,0,0,0,0,0,0,0,0.0,0.0,0,0,0,1,0,0,0,0,2.8767766580162046
266,6,400.0,3,34,8.31060606060606,7.214285714285714,0,0,0,0,1,0,0,0,0,1,0,0,0,0,0,0,0,0,0,0,0,0,0,0,0,0,0,1,0,100.0,0.0,0,0,0,1,0,0,0,0,5.5526305543774175
267,7,500.0,3,34,8.31060606060606,7.454545454545454,0,0,0,0,0,1,0,0,1,0,0,0,0,0,0,0,0,0,0,0,0,0,0,0,0,0,0,1,1,200.0,2400.0,0,0,0,1,0,0,0,0,7.433636890468358
268,8,450.0,3,34,8.31060606060606,4.857142857142857,0,0,0,0,0,1,0,0,1,0,0,0,1,0,0,0,0,0,0,0,0,0,0,0,0,0,0,1,1,150.0,1200.0,0,0,0,1,0,0,0,0,4.449767252133642
269,9,500.0,3,34,8.31060606060606,7.8125,0,1,0,0,0,1,0,0,0,0,0,0,0,0,0,0,0,0,0,0,0,0,0,0,0,0,0,1,1,200.0,2000.0,0,0,0,1,0,0,0,0,7.416764353610759
270,1,300.0,4,34,8.31060606060606,8.73913043478261,0,0,0,0,0,0,0,0,1,0,0,0,0,0,0,0,0,0,0,0,0,0,0,0,0,0,0,1,0,50.0,0.0,0,0,0,1,0,0,0,0,7.546887777831335
271,2,400.0,4,34,8.31060606060606,9.357142857142858,0,1,0,0,0,0,0,0,0,0,0,0,0,0,0,0,0,0,0,0,0,0,0,0,0,0,0,1,0,100.0,0.0,0,0,0,1,0,0,0,0,7.813044938363836
272,3,400.0,4,34,8.31060606060606,7.066666666666666,0,1,0,0,0,0,0,0,0,1,0,0,0,0,0,0,0,0,0,0,0,0,0,0,0,0,0,1,0,100.0,0.0,0,0,0,1,0,0,0,0,5.576218924310579
273,4,500.0,4,34,8.31060606060606,11.727272727272727,0,0,0,0,0,1,0,0,0,1,0,0,0,0,0,0,0,0,0,0,0,0,0,0,0,0,0,1,1,200.0,2000.0,0,0,0,1,0,0,0,0,11.331628419184927
274,5,450.0,4,34,8.31060606060606,9.785714285714286,0,0,0,0,0,1,0,0,0,1,0,0,1,0,0,0,0,0,0,0,0,0,0,0,0,0,0,1,1,150.0,1200.0,0,0,0,1,0,0,0,0,8.968327781200697
275,6,450.0,4,34,8.31060606060606,6.7,0,0,0,0,1,1,0,0,0,1,0,0,0,0,0,0,0,0,0,0,0,0,0,0,0,0,0,1,1,150.0,1600.0,0,0,0,1,0,0,0,0,5.844042388227881
276,7,200.0,4,34,8.31060606060606,5.777777777777778,0,0,0,1,0,1,0,0,0,0,0,0,0,0,0,0,0,0,0,0,0,0,0,0,0,0,0,0,0,0.0,0.0,0,0,0,1,0,0,0,0,4.312132697913415
277,8,200.0,4,34,8.31060606060606,2.125,0,0,0,1,0,1,0,0,0,0,0,0,0,0,0,0,0,0,0,0,0,0,0,0,0,0,0,0,0,0.0,0.0,0,0,0,1,0,0,0,0,0.7467625424032054
278,1,300.0,5,34,8.31060606060606,8.73913043478261,0,0,0,0,0,0,0,0,1,0,0,0,0,0,0,0,0,0,0,0,0,0,0,0,0,0,0,1,0,50.0,0.0,0,0,0,1,0,0,0,0,7.590393108701504
279,2,400.0,5,34,8.31060606060606,13.307692307692308,0,0,0,0,0,0,0,0,0,0,1,0,0,0,0,0,0,0,0,0,0,0,0,0,0,0,0,1,0,100.0,0.0,0,0,0,1,0,0,0,0,11.877358810026736
280,3,300.0,5,34,8.31060606060606,7.428571428571429,0,0,0,0,0,0,0,0,0,0,1,0,0,0,0,0,0,0,0,0,0,0,0,0,0,0,0,1,0,50.0,0.0,0,0,0,1,0,0,0,0,5.999241025573011
281,4,200.0,5,34,8.31060606060606,16.09090909090909,0,0,0,1,0,0,0,0,0,0,1,0,0,0,0,0,0,0,0,0,0,0,0,0,0,0,0,0,0,0.0,0.0,0,0,0,1,0,0,0,0,14.513088364903997
282,5,400.0,5,34,8.31060606060606,7.066666666666666,0,1,0,0,0,0,0,0,0,1,0,0,0,0,0,0,0,0,0,0,0,0,0,0,0,0,0,1,0,100.0,0.0,0,0,0,1,0,0,0,0,5.72555765315369
283,6,200.0,5,34,8.31060606060606,4.25,0,0,0,1,0,1,0,0,1,0,0,0,0,0,0,0,0,0,0,0,0,0,0,0,0,0,0,0,0,0.0,0.0,0,0,0,1,0,0,0,0,3.016704018743014
284,7,400.0,5,34,8.31060606060606,7.214285714285714,0,0,0,0,1,0,0,0,0,1,0,0,0,0,0,0,0,0,0,0,0,0,0,0,0,0,0,1,0,100.0,0.0,0,0,0,1,0,0,0,0,5.692557915104228
285,8,500.0,5,34,8.31060606060606,7.454545454545454,0,0,0,0,0,1,0,0,1,0,0,0,0,0,0,0,0,0,0,0,0,0,0,0,0,0,0,1,1,200.0,2400.0,0,0,0,1,0,0,0,0,7.573564251195167
286,9,450.0,5,34,8.31060606060606,4.857142857142857,0,0,0,0,0,1,0,0,1,0,0,0,1,0,0,0,0,0,0,0,0,0,0,0,0,0,0,1,1,150.0,1200.0,0,0,0,1,0,0,0,0,4.589694612860452
287,10,500.0,5,34,8.31060606060606,7.8125,0,1,0,0,0,1,0,0,0,0,0,0,0,0,0,0,0,0,0,0,0,0,0,0,0,0,0,1,1,200.0,2000.0,0,0,0,1,0,0,0,0,7.556691714337569
288,1,300.0,6,34,8.31060606060606,8.73913043478261,0,0,0,0,0,0,0,0,1,0,0,0,0,0,0,0,0,0,0,0,0,0,0,0,0,0,0,1,0,50.0,0.0,0,0,0,1,0,0,0,0,7.6338984395716745
289,2,400.0,6,34,8.31060606060606,9.357142857142858,0,1,0,0,0,0,0,0,0,0,0,0,0,0,0,0,0,0,0,0,0,0,0,0,0,0,0,1,0,100.0,0.0,0,0,0,1,0,0,0,0,7.900055600104174
290,3,500.0,6,34,8.31060606060606,11.727272727272727,0,0,0,0,0,1,0,0,0,1,0,0,0,0,0,0,0,0,0,0,0,0,0,0,0,0,0,1,1,200.0,2000.0,0,0,0,1,0,0,0,0,11.365722381938795
291,4,450.0,6,34,8.31060606060606,9.785714285714286,0,0,0,0,0,1,0,0,0,1,0,0,1,0,0,0,0,0,0,0,0,0,0,0,0,0,0,1,1,150.0,1200.0,0,0,0,1,0,0,0,0,9.002421743954566
292,5,450.0,6,34,8.31060606060606,6.7,0,0,0,0,1,1,0,0,0,1,0,0,0,0,0,0,0,0,0,0,0,0,0,0,0,0,0,1,1,150.0,1600.0,0,0,0,1,0,0,0,0,5.878136350981749
293,6,200.0,6,34,8.31060606060606,5.777777777777778,0,0,0,1,0,1,0,0,0,0,0,0,0,0,0,0,0,0,0,0,0,0,0,0,0,0,0,0,0,0.0,0.0,0,0,0,1,0,0,0,0,4.346226660667283
294,7,200.0,6,34,8.31060606060606,2.125,0,0,0,1,0,1,0,0,0,0,0,0,0,0,0,0,0,0,0,0,0,0,0,0,0,0,0,0,0,0.0,0.0,0,0,0,1,0,0,0,0,0.7808565051570735
1026,1,200.0,3,55,9.139240506329115,6.666666666666667,0,0,0,0,0,0,0,0,0,0,0,0,0,0,0,0,1,0,0,0,0,0,0,0,0,1,0,0,0,0.0,0.0,0,0,0,1,0,0,0,0,4.313770059138758
1027,2,350.0,3,55,9.139240506329115,15.25,0,0,0,0,0,0,0,0,1,0,0,0,0,0,0,0,1,0,0,0,0,0,0,0,0,0,0,1,0,100.0,0.0,0,0,0,1,0,0,0,0,13.436183593345373
1028,3,170.0,3,55,9.139240506329115,15.5,0,0,0,1,0,0,0,0,0,0,0,0,0,0,0,0,1,0,0,0,0,0,0,0,0,0,0,0,0,0.0,0.0,0,0,0,1,0,0,0,0,13.293890508593675
1029,4,160.0,3,55,9.139240506329115,14.6,0,0,0,1,0,0,0,0,0,0,1,0,0,0,0,0,1,0,0,0,0,0,0,0,0,0,0,0,0,0.0,0.0,0,0,0,1,0,0,0,0,12.278075759381512
1030,5,200.0,3,55,9.139240506329115,4.666666666666667,0,0,0,0,0,0,0,0,0,0,0,0,0,0,0,0,0,1,0,0,0,0,0,0,0,1,0,0,0,0.0,0.0,0,0,0,1,0,0,0,0,2.7600217739630004
1031,6,200.0,3,55,9.139240506329115,2.0,0,0,0,0,0,0,0,0,0,0,0,0,0,0,0,0,0,0,1,0,0,0,0,0,0,1,0,0,0,0.0,0.0,0,0,0,1,0,0,0,0,-0.13134945831144051
1032,7,160.0,3,55,9.139240506329115,11.666666666666666,0,0,0,1,0,0,0,0,0,0,0,0,0,0,0,0,0,0,0,0,0,1,0,0,0,0,0,0,0,0.0,0.0,0,0,0,1,0,0,0,0,9.601163320033413
1033,8,160.0,3,55,9.139240506329115,12.2,0,0,0,1,0,0,0,0,0,0,0,0,0,0,0,0,0,1,0,0,0,1,0,0,0,0,0,0,0,0.0,0.0,0,0,0,1,0,0,0,0,10.305449658593597
1034,9,160.0,3,55,9.139240506329115,20.4,0,0,0,1,0,0,0,0,0,0,1,0,0,0,0,0,0,1,0,0,0,0,0,0,0,0,0,0,0,0.0,0.0,0,0,0,1,0,0,0,0,18.50359359328856
1035,10,350.0,3,55,9.139240506329115,3.6,0,0,0,0,0,0,0,0,1,0,0,0,0,0,0,0,0,0,0,1,0,0,0,0,0,0,0,1,0,100.0,0.0,0,0,0,1,0,0,0,0,1.5402823953867077
1036,11,350.0,3,55,9.139240506329115,6.833333333333333,0,0,0,0,0,0,0,0,1,0,0,0,0,0,0,0,0,0,0,0,1,0,0,0,0,0,0,1,0,100.0,0.0,0,0,0,1,0,0,0,0,4.670479337143514
1037,12,170.0,3,55,9.139240506329115,4.4,0,0,0,1,0,0,0,0,0,0,0,0,0,0,0,0,0,0,0,1,0,0,0,0,0,0,0,0,0,0.0,0.0,0,0,0,1,0,0,0,0,1.9957126995000678
1038,13,170.0,3,55,9.139240506329115,6.333333333333333,0,0,0,1,0,0,0,0,0,0,0,0,0,0,0,0,0,0,0,0,1,0,0,0,0,0,0,0,0,0.0,0.0,0,0,0,1,0,0,0,0,3.8381847379074854
1039,14,160.0,3,55,9.139240506329115,5.5,0,0,0,1,0,0,0,0,0,0,1,0,0,0,0,0,0,0,0,0,1,0,0,0,0,0,0,0,0,0.0,0.0,0,0,0,1,0,0,0,0,2.888407163226063
1040,15,170.0,3,55,9.139240506329115,5.666666666666667,0,0,0,1,0,0,0,0,0,0,0,0,0,0,0,0,0,0,0,0,1,0,0,0,0,0,0,0,0,0.0,0.0,0,0,0,1,0,0,0,0,3.2836463905730486
1041,16,160.0,3,55,9.139240506329115,3.25,0,0,0,1,0,0,0,0,0,0,1,0,0,0,0,0,0,0,0,1,0,0,0,0,0,0,0,0,0,0.0,0.0,0,0,0,1,0,0,0,0,0.8910086427570487
1042,17,160.0,3,55,9.139240506329115,8.0,0,0,0,1,0,0,0,0,0,0,1,0,0,0,0,0,0,0,0,0,1,0,0,0,0,0,0,0,0,0.0,0.0,0,0,0,1,0,0,0,0,5.523551305088144
1043,18,170.0,3,55,9.139240506329115,4.0,0,0,0,1,0,0,0,0,0,0,0,0,0,0,0,0,0,0,0,1,0,0,0,0,0,0,0,0,0,0.0,0.0,0,0,0,1,0,0,0,0,1.9169898462344648
1044,19,170.0,3,55,9.139240506329115,5.0,0,0,0,1,0,0,0,0,0,0,0,0,0,0,0,0,0,0,0,0,1,0,0,0,0,0,0,0,0,0.0,0.0,0,0,0,1,0,0,0,0,2.8349414412115523
1045,20,160.0,3,55,9.139240506329115,5.0,0,0,0,1,0,0,0,0,0,0,1,0,0,0,0,0,0,0,0,0,1,0,0,0,0,0,0,0,0,0.0,0.0,0,0,0,1,0,0,0,0,2.710628548164352
1046,1,350.0,4,55,9.139240506329115,6.25,0,0,0,0,0,0,0,0,0,1,0,0,0,0,0,0,1,0,0,0,0,0,0,0,0,0,0,1,0,100.0,0.0,0,0,0,1,0,0,0,0,4.263524984499057
1047,2,350.0,4,55,9.139240506329115,12.0,0,1,0,0,0,0,0,0,1,0,0,0,0,0,0,0,1,0,0,0,0,0,0,0,0,0,0,1,0,100.0,0.0,0,0,0,1,0,0,0,0,9.981348309986858
1048,3,160.0,4,55,9.139240506329115,10.25,0,0,0,1,0,0,0,0,0,0,1,0,0,0,0,0,1,0,0,0,0,0,0,0,0,0,0,0,0,0.0,0.0,0,0,0,1,0,0,0,0,7.959738753134564
1049,4,160.0,4,55,9.139240506329115,6.4,0,0,0,1,0,0,0,0,0,0,0,0,0,0,0,0,1,0,0,0,0,1,0,0,0,0,0,0,0,0.0,0.0,0,0,0,1,0,0,0,0,4.17635385454319
1050,5,170.0,4,55,9.139240506329115,11.0,0,0,0,1,0,0,0,0,0,0,0,0,0,0,0,0,1,0,0,0,0,0,0,0,0,0,0,0,0,0.0,0.0,0,0,0,1,0,0,0,0,8.985719956611977
1051,6,350.0,4,55,9.139240506329115,8.8,0,0,0,0,0,0,0,0,1,0,0,0,0,0,0,0,0,1,0,0,0,0,0,0,0,0,0,1,0,100.0,0.0,0,0,0,1,0,0,0,0,7.517959239113031
1052,7,350.0,4,55,9.139240506329115,6.6,0,0,0,0,1,0,0,0,0,0,1,0,0,0,0,0,0,1,0,0,0,0,0,0,0,0,0,1,0,100.0,0.0,0,0,0,1,0,0,0,0,4.428761240820867
1053,8,160.0,4,55,9.139240506329115,19.333333333333332,0,0,0,1,0,0,0,0,0,0,1,0,0,0,0,0,0,1,0,0,0,0,0,0,0,0,0,0,0,0.0,0.0,0,0,0,1,0,0,0,0,17.437587432680452
1054,9,170.0,4,55,9.139240506329115,19.2,0,0,0,1,0,0,0,0,0,0,0,0,0,0,0,0,0,1,0,0,0,0,0,0,0,0,0,0,0,0.0,0.0,0,0,0,1,0,0,0,0,17.535659374639117
1055,10,140.0,4,55,9.139240506329115,8.75,0,0,0,1,0,0,0,0,0,0,0,0,0,0,0,0,0,1,0,0,0,0,0,0,0,0,0,0,0,0.0,0.0,0,0,0,1,0,0,0,0,7.219960195139868
1056,11,350.0,4,55,9.139240506329115,4.25,0,0,0,0,0,0,0,0,0,1,0,0,0,0,0,0,0,0,1,0,0,0,0,0,0,0,0,1,0,100.0,0.0,0,0,0,1,0,0,0,0,2.724475943210729
1057,12,350.0,4,55,9.139240506329115,5.333333333333333,0,0,0,0,1,0,0,0,0,1,0,0,0,0,0,0,0,0,1,0,0,1,0,0,0,0,0,0,0,0.0,0.0,0,0,0,1,0,0,0,0,3.211396249945822
1058,13,140.0,4,55,9.139240506329115,11.333333333333334,0,0,0,1,0,0,0,0,0,0,0,0,0,0,0,0,0,0,0,0,0,1,0,0,0,0,0,0,0,0.0,0.0,0,0,0,1,0,0,0,0,9.62045712497368
1059,14,350.0,4,55,9.139240506329115,3.8,0,0,0,0,1,0,0,0,0,0,1,0,0,0,0,0,0,0,1,0,0,0,0,0,0,0,0,1,0,100.0,0.0,0,0,0,1,0,0,0,0,1.722815853403775
1060,15,350.0,4,55,9.139240506329115,8.0,0,1,0,0,0,0,0,0,1,0,0,0,0,0,0,0,0,0,1,0,0,0,0,0,0,0,0,1,0,100.0,0.0,0,0,0,1,0,0,0,0,6.619934129735805
1061,16,170.0,4,55,9.139240506329115,8.5,0,0,0,1,0,0,0,0,0,0,0,0,0,0,0,0,0,0,1,0,0,0,0,0,0,0,0,0,0,0.0,0.0,0,0,0,1,0,0,0,0,7.004308805329586
1062,17,160.0,4,55,9.139240506329115,11.0,0,0,0,1,0,0,0,0,0,0,1,0,0,0,0,0,0,0,1,0,0,0,0,0,0,0,0,0,0,0.0,0.0,0,0,0,1,0,0,0,0,9.356389957185058
1063,18,170.0,4,55,9.139240506329115,8.2,0,0,0,1,0,0,0,0,0,0,0,0,0,0,0,0,0,0,1,0,0,0,0,0,0,0,0,0,0,0.0,0.0,0,0,0,1,0,0,0,0,6.8129749179142065
1081,1,520.0,4,13,6.450980392156863,4.0,0,0,0,0,0,0,0,0,0,1,0,0,0,1,0,0,0,0,0,0,0,0,0,0,0,0,0,1,0,100.0,0.0,0,0,0,1,0,0,0,0,3.1399091264635457
1064,1,140.0,5,55,9.139240506329115,9.75,0,0,0,0,0,0,0,0,0,0,0,0,0,0,0,0,0,0,0,0,0,0,0,0,0,0,0,0,0,0.0,0.0,0,0,0,1,0,0,0,0,7.885590190503688
1065,2,140.0,5,55,9.139240506329115,5.5,0,0,0,0,0,0,0,0,0,0,1,0,0,0,0,0,0,0,0,0,0,0,0,0,0,0,0,0,0,0.0,0.0,0,0,0,1,0,0,0,0,3.5571703447194665
1066,3,170.0,5,55,9.139240506329115,14.0,0,0,0,1,0,0,0,0,0,0,0,0,0,0,0,0,1,0,0,0,0,0,0,0,0,0,0,0,0,0.0,0.0,0,0,0,1,0,0,0,0,11.89506474339241
1067,4,350.0,5,55,9.139240506329115,4.75,0,0,0,0,1,0,0,0,0,0,1,0,0,0,0,0,1,0,0,0,0,0,0,0,0,0,0,1,0,100.0,0.0,0,0,0,1,0,0,0,0,2.2652847267031504
1068,5,160.0,5,55,9.139240506329115,14.833333333333334,0,0,0,1,0,0,0,0,0,0,1,0,0,0,0,0,1,0,0,0,0,0,0,0,0,0,0,0,0,0.0,0.0,0,0,0,1,0,0,0,0,12.649133230965905
1069,6,140.0,5,55,9.139240506329115,5.0,0,0,0,1,0,0,0,0,0,0,0,0,0,0,0,0,1,0,0,0,0,0,0,0,0,0,0,0,0,0.0,0.0,0,0,0,1,0,0,0,0,3.1215075079096515
1070,7,350.0,5,55,9.139240506329115,8.75,0,0,0,0,0,0,0,0,0,1,0,0,0,0,0,0,0,1,0,0,0,0,0,0,0,0,0,1,0,100.0,0.0,0,0,0,1,0,0,0,0,7.316624708991217
1071,8,350.0,5,55,9.139240506329115,7.333333333333333,0,1,0,0,0,0,0,0,1,0,0,0,0,0,0,0,0,1,0,0,0,0,0,0,0,0,0,1,0,100.0,0.0,0,0,0,1,0,0,0,0,5.935451772424695
1072,9,350.0,5,55,9.139240506329115,3.2,0,0,0,0,1,0,0,0,0,0,0,0,0,0,0,0,0,1,0,0,0,1,0,0,0,0,0,0,0,0.0,0.0,0,0,0,1,0,0,0,0,1.3066569227094504
1073,10,170.0,5,55,9.139240506329115,16.0,0,0,0,1,0,0,0,0,0,0,0,0,0,0,0,0,0,1,0,0,0,0,0,0,0,0,0,0,0,0.0,0.0,0,0,0,1,0,0,0,0,14.462297027020341
1074,11,160.0,5,55,9.139240506329115,18.5,0,0,0,1,0,0,0,0,0,0,1,0,0,0,0,0,0,1,0,0,0,0,0,0,0,0,0,0,0,0.0,0.0,0,0,0,1,0,0,0,0,16.814378178875813
1075,12,170.0,5,55,9.139240506329115,10.2,0,0,0,1,0,0,0,0,0,0,0,0,0,0,0,0,0,1,0,0,0,0,0,0,0,0,0,0,0,0.0,0.0,0,0,0,1,0,0,0,0,8.822896240819084
1076,13,350.0,5,55,9.139240506329115,6.25,0,0,0,0,0,0,0,0,1,0,0,0,0,0,0,0,0,0,1,0,0,0,0,0,0,0,0,1,0,100.0,0.0,0,0,0,1,0,0,0,0,5.103158587056376
1077,14,160.0,5,55,9.139240506329115,10.666666666666666,0,0,0,1,0,0,0,0,0,0,1,0,0,0,0,0,0,0,1,0,0,0,0,0,0,0,0,0,0,0.0,0.0,0,0,0,1,0,0,0,0,8.910959318442124
1078,15,170.0,5,55,9.139240506329115,11.0,0,0,0,1,0,0,0,0,0,0,0,0,0,0,0,0,0,0,1,0,0,0,0,0,0,0,0,0,0,0.0,0.0,0,0,0,1,0,0,0,0,9.471291482115957
1079,16,160.0,5,55,9.139240506329115,11.8,0,0,0,1,0,0,0,0,0,0,0,0,0,0,0,0,0,0,0,0,0,1,0,0,0,0,0,0,0,0.0,0.0,0,0,0,1,0,0,0,0,10.296498621713464
1080,17,160.0,5,55,9.139240506329115,3.0,0,0,0,0,0,0,0,0,0,0,0,0,0,0,0,0,0,0,0,0,0,0,0,0,0,0,0,0,0,0.0,0.0,0,0,0,1,0,0,0,0,2.0575193002450423
1082,1,500.0,5,13,6.450980392156863,8.5,0,1,0,0,0,0,0,0,0,0,0,0,0,0,0,0,0,0,0,0,0,0,0,0,0,0,0,0,0,0.0,0.0,0,0,0,1,0,0,0,0,7.806593403595579
1083,2,500.0,5,13,6.450980392156863,6.75,0,1,0,0,0,0,0,0,0,1,0,0,0,0,0,0,0,0,0,0,0,0,0,0,0,0,0,0,0,0.0,0.0,0,0,0,1,0,0,0,0,6.10514019734509
1084,3,650.0,5,13,6.450980392156863,10.75,0,0,0,0,0,0,0,0,1,0,0,0,0,0,0,0,0,0,0,0,0,0,0,0,0,0,0,0,0,0.0,0.0,0,0,0,1,0,0,0,0,10.733988257074225
1085,4,50.0,5,13,6.450980392156863,7.5,0,0,0,0,0,0,1,0,1,0,0,0,0,0,0,0,0,0,0,0,0,0,0,0,0,0,1,0,0,0.0,0.0,0,0,0,1,0,0,0,0,7.52530126321667
1086,5,500.0,5,13,6.450980392156863,8.666666666666666,0,0,0,0,0,0,0,0,0,1,0,0,0,0,0,0,0,0,0,0,0,0,0,0,0,0,0,0,0,0.0,0.0,0,0,0,1,0,0,0,0,8.441487417918427
1087,6,50.0,5,13,6.450980392156863,5.0,0,0,0,0,0,0,1,0,0,1,0,0,0,0,0,0,0,0,0,0,0,0,0,0,0,0,1,0,0,0.0,0.0,0,0,0,1,0,0,0,0,4.906511937206541
1088,7,520.0,5,13,6.450980392156863,5.5,0,0,0,0,0,0,0,0,1,0,0,0,0,1,0,0,0,0,0,0,0,0,0,0,0,0,0,1,0,100.0,0.0,0,0,0,1,0,0,0,0,5.234979757274541
1089,8,500.0,5,13,6.450980392156863,5.0,0,0,0,0,0,0,0,0,0,1,0,0,0,0,0,1,0,0,0,0,0,0,0,0,0,0,0,0,0,0.0,0.0,0,0,0,1,0,0,0,0,4.053237091378033
1090,9,50.0,5,13,6.450980392156863,5.0,0,0,0,0,0,0,0,0,0,1,0,0,1,0,0,0,0,0,0,0,0,0,0,0,0,0,1,0,0,0.0,0.0,0,0,0,1,0,0,0,0,5.086928098065651
1091,10,290.0,5,13,6.450980392156863,5.5,0,0,0,1,0,0,0,0,0,0,1,0,0,0,0,0,0,0,0,0,0,0,0,0,0,0,0,0,0,0.0,0.0,0,0,0,1,0,0,0,0,5.066821551723151
1092,11,290.0,5,13,6.450980392156863,4.0,0,0,0,1,0,0,0,0,0,0,1,0,0,0,0,0,0,0,0,0,0,0,0,0,0,0,0,0,0,0.0,0.0,0,0,0,1,0,0,0,0,3.633901823768019
1093,12,500.0,5,13,6.450980392156863,7.6,0,0,0,0,1,0,0,0,0,0,1,0,0,0,0,0,0,0,0,0,0,0,0,0,0,0,0,0,0,0.0,0.0,0,0,0,1,0,0,0,0,7.040650259648032
758,1,300.0,3,25,17.212389380530972,30.0,0,0,0,0,0,0,0,0,1,0,0,0,1,0,0,0,0,0,0,0,0,0,0,0,0,0,0,0,0,0.0,0.0,0,0,0,0,1,0,0,0,28.6962237228475
759,2,300.0,3,25,17.212389380530972,17.0,0,0,0,0,0,0,0,0,1,0,0,0,0,0,0,0,0,0,0,0,0,0,0,0,0,0,0,0,0,0.0,0.0,0,0,0,0,1,0,0,0,16.3444361774154
760,3,250.0,3,25,17.212389380530972,12.8,0,0,0,1,0,0,0,1,0,0,0,0,0,0,0,0,0,0,0,0,0,0,0,0,0,0,0,0,0,0.0,0.0,0,0,0,0,1,0,0,0,12.805201819165344
761,4,300.0,3,25,17.212389380530972,18.6,0,0,0,0,0,0,0,1,0,0,0,0,0,0,0,0,0,0,0,0,0,0,0,1,0,0,0,0,0,0.0,0.0,0,0,0,0,1,0,0,0,19.47156207489091
762,5,250.0,3,25,17.212389380530972,36.666666666666664,0,0,0,1,0,0,0,0,0,0,1,0,0,0,0,0,0,0,0,0,0,0,0,0,0,0,0,0,0,0.0,0.0,0,0,0,0,1,0,0,0,35.3256472885048
763,6,30.0,3,25,17.212389380530972,13.5,0,0,0,1,0,0,0,0,0,0,1,0,0,0,0,0,0,0,0,0,0,0,0,0,0,0,0,0,0,0.0,0.0,0,0,0,0,1,0,0,0,12.303861518914449
764,7,250.0,3,25,17.212389380530972,15.666666666666666,0,0,0,1,0,0,0,0,0,0,0,0,0,0,0,0,0,0,0,0,0,0,0,0,0,0,0,0,0,0.0,0.0,0,0,0,0,1,0,0,0,14.80123737773146
765,8,300.0,3,25,17.212389380530972,37.8,0,0,0,0,0,0,0,0,0,0,1,0,0,0,0,0,0,0,0,0,0,0,0,0,0,0,0,0,0,0.0,0.0,0,0,0,0,1,0,0,0,36.86673355121297
766,9,30.0,3,25,17.212389380530972,13.8,0,0,0,0,0,0,0,0,0,0,1,0,0,0,0,0,0,0,0,0,0,0,0,0,0,0,0,0,0,0.0,0.0,0,0,0,0,1,0,0,0,12.99066848200081
767,10,300.0,3,25,17.212389380530972,10.25,0,0,0,0,0,0,0,0,0,1,0,0,1,0,0,0,0,0,0,0,0,0,0,0,0,0,0,0,0,0.0,0.0,0,0,0,0,1,0,0,0,9.360732379914241
768,11,250.0,3,25,17.212389380530972,19.0,0,0,0,1,0,0,0,0,0,0,0,0,1,0,0,0,0,0,0,0,0,0,0,0,0,0,0,0,0,0.0,0.0,0,0,0,0,1,0,0,0,17.84221811113893
769,12,300.0,3,25,17.212389380530972,8.75,0,0,0,0,0,0,0,1,0,1,0,0,0,0,0,0,0,0,0,0,0,0,0,0,0,0,0,0,0,0.0,0.0,0,0,0,0,1,0,0,0,9.508503882222383
770,13,300.0,3,25,17.212389380530972,10.5,0,0,0,0,0,0,0,1,0,0,0,1,0,0,0,0,0,0,0,0,0,0,0,0,0,0,0,0,0,0.0,0.0,0,0,0,0,1,0,0,0,11.386645355850401
771,14,300.0,3,25,17.212389380530972,30.833333333333332,0,1,0,0,0,0,0,0,0,0,0,0,0,0,0,0,0,0,0,0,0,0,0,0,0,0,0,0,0,0.0,0.0,0,0,0,0,1,0,0,0,30.17578731925063
772,15,250.0,3,25,17.212389380530972,6.5,0,0,0,1,0,0,0,1,0,0,0,0,0,0,0,0,0,0,0,0,0,0,0,0,1,0,0,0,0,0.0,0.0,0,0,0,0,1,0,0,0,5.888679654992955
773,16,30.0,3,25,17.212389380530972,10.8,0,0,0,1,0,0,0,0,0,0,1,0,0,0,0,0,0,0,0,0,0,0,0,0,0,0,0,0,0,0.0,0.0,0,0,0,0,1,0,0,0,10.158522940284271
774,17,250.0,3,25,17.212389380530972,36.0,0,0,0,1,0,0,0,0,0,0,1,0,0,0,0,0,0,0,0,0,0,0,0,0,0,0,0,0,0,0.0,0.0,0,0,0,0,1,0,0,0,35.30027593103507
775,18,250.0,3,25,17.212389380530972,18.0,0,0,0,1,0,0,0,0,0,0,0,0,0,0,0,0,0,0,0,0,0,0,0,0,0,0,0,0,0,0.0,0.0,0,0,0,0,1,0,0,0,17.694622175158464
776,19,250.0,3,25,17.212389380530972,24.2,0,0,0,1,0,0,0,0,0,0,0,0,0,0,0,0,0,0,0,0,0,0,0,0,0,0,0,0,0,0.0,0.0,0,0,0,0,1,0,0,0,23.88899610550356
777,20,100.0,3,25,17.212389380530972,2.75,0,0,0,0,1,0,0,0,0,1,0,0,0,0,0,0,0,0,0,0,0,0,0,0,0,0,0,0,0,0.0,0.0,0,0,0,0,1,0,0,0,2.253916888143052
778,21,300.0,3,25,17.212389380530972,14.5,0,0,0,0,0,0,0,0,0,1,0,0,0,0,0,0,0,0,0,0,0,0,0,0,0,0,0,0,0,0.0,0.0,0,0,0,0,1,0,0,0,14.625230734175268
779,22,300.0,3,25,17.212389380530972,9.333333333333334,0,0,0,0,0,0,0,1,1,0,0,0,0,0,0,0,0,0,0,0,0,0,0,0,0,0,0,0,0,0.0,0.0,0,0,0,0,1,0,0,0,10.863724828311446
780,23,300.0,3,25,17.212389380530972,17.2,0,1,0,0,0,0,0,1,0,0,0,0,0,0,0,0,0,0,0,0,0,0,0,0,0,0,0,0,0,0.0,0.0,0,0,0,0,1,0,0,0,18.202665160794464
781,24,300.0,3,25,17.212389380530972,16.5,0,1,0,0,0,0,0,0,0,1,0,0,0,0,0,0,0,0,0,0,0,0,0,0,0,0,0,0,0,0.0,0.0,0,0,0,0,1,0,0,0,16.486067711201606
782,25,250.0,3,25,17.212389380530972,12.666666666666666,0,0,0,1,0,0,0,0,0,0,1,0,0,0,0,0,0,0,0,0,0,0,0,0,0,0,0,0,0,0.0,0.0,0,0,0,0,1,0,0,0,12.610598437168575
783,1,520.0,4,15,6.450980392156863,4.0,0,0,0,0,0,0,0,0,0,1,0,0,0,1,0,0,0,0,0,0,0,0,0,0,0,0,0,1,0,100.0,0.0,0,0,0,0,1,0,0,0,4.369946674615428
784,2,50.0,4,15,6.450980392156863,7.5,0,0,0,0,0,0,1,0,1,0,0,0,0,0,0,0,0,0,0,0,0,0,0,0,0,0,1,0,0,0.0,0.0,0,0,0,0,1,0,0,0,8.606000082525442
785,3,650.0,4,15,6.450980392156863,10.75,0,0,0,0,0,0,0,0,1,0,0,0,0,0,0,0,0,0,0,0,0,0,0,0,0,0,0,0,0,0.0,0.0,0,0,0,0,1,0,0,0,11.92052047435594
786,4,50.0,4,15,6.450980392156863,5.0,0,0,0,0,0,0,1,0,0,1,0,0,0,0,0,0,0,0,0,0,0,0,0,0,0,0,1,0,0,0.0,0.0,0,0,0,0,1,0,0,0,5.987210756515313
787,5,500.0,4,15,6.450980392156863,8.666666666666666,0,0,0,0,0,0,0,0,0,1,0,0,0,0,0,0,0,0,0,0,0,0,0,0,0,0,0,0,0,0.0,0.0,0,0,0,0,1,0,0,0,9.628019635200141
788,6,500.0,4,15,6.450980392156863,8.5,0,1,0,0,0,0,0,0,0,0,0,0,0,0,0,0,0,0,0,0,0,0,0,0,0,0,0,0,0,0.0,0.0,0,0,0,0,1,0,0,0,9.257709115809645
789,7,500.0,4,15,6.450980392156863,6.75,0,1,0,0,0,0,0,0,0,1,0,0,0,0,0,0,0,0,0,0,0,0,0,0,0,0,0,0,0,0.0,0.0,0,0,0,0,1,0,0,0,7.556255909559157
790,8,520.0,4,15,6.450980392156863,5.5,0,0,0,0,0,0,0,0,1,0,0,0,0,1,0,0,0,0,0,0,0,0,0,0,0,0,0,1,0,100.0,0.0,0,0,0,0,1,0,0,0,6.474428673542724
791,9,500.0,4,15,6.450980392156863,5.0,0,0,0,0,0,0,0,0,0,1,0,0,0,0,0,1,0,0,0,0,0,0,0,0,0,0,0,0,0,0.0,0.0,0,0,0,0,1,0,0,0,5.292686007646217
792,10,50.0,4,15,6.450980392156863,5.0,0,0,0,0,0,0,0,0,0,1,0,0,1,0,0,0,0,0,0,0,0,0,0,0,0,0,1,0,0,0.0,0.0,0,0,0,0,1,0,0,0,6.3263770143338345
793,11,290.0,4,15,6.450980392156863,7.0,0,0,0,1,0,0,0,0,0,0,0,0,0,0,0,0,0,0,0,0,0,0,0,0,0,0,0,0,0,0.0,0.0,0,0,0,0,1,0,0,0,7.963573563369089
794,12,50.0,4,15,6.450980392156863,4.0,0,0,0,1,0,0,1,0,0,0,0,0,0,0,0,0,0,0,0,0,0,0,0,0,0,0,1,0,0,0.0,0.0,0,0,0,0,1,0,0,0,5.20999122351247
795,13,290.0,4,15,6.450980392156863,5.5,0,0,0,1,0,0,0,0,0,0,1,0,0,0,0,0,0,0,0,0,0,0,0,0,0,0,0,0,0,0.0,0.0,0,0,0,0,1,0,0,0,6.4121038659642755
796,14,290.0,4,15,6.450980392156863,4.0,0,0,0,1,0,0,0,0,0,0,1,0,0,0,0,0,0,0,0,0,0,0,0,0,0,0,0,0,0,0.0,0.0,0,0,0,0,1,0,0,0,4.979184138009144
797,15,500.0,4,15,6.450980392156863,7.6,0,0,0,0,1,0,0,0,0,0,1,0,0,0,0,0,0,0,0,0,0,0,0,0,0,0,0,0,0,0.0,0.0,0,0,0,0,1,0,0,0,8.385932573889157
295,1,300.0,3,42,8.31060606060606,8.73913043478261,0,0,0,0,0,0,0,0,1,0,0,0,0,0,0,0,0,0,0,0,0,0,0,0,0,0,0,1,0,50.0,0.0,0,0,0,0,1,0,0,0,8.60221440358899
296,2,400.0,3,42,8.31060606060606,9.357142857142858,0,1,0,0,0,0,0,0,0,0,0,0,0,0,0,0,0,0,0,0,0,0,0,0,0,0,0,1,0,100.0,0.0,0,0,0,0,1,0,0,0,8.86837156412149
297,3,400.0,3,42,8.31060606060606,7.066666666666666,0,1,0,0,0,0,0,0,0,1,0,0,0,0,0,0,0,0,0,0,0,0,0,0,0,0,0,1,0,100.0,0.0,0,0,0,0,1,0,0,0,6.631545550068233
298,4,500.0,3,42,8.31060606060606,11.727272727272727,0,0,0,0,0,1,0,0,0,1,0,0,0,0,0,0,0,0,0,0,0,0,0,0,0,0,0,1,1,200.0,2000.0,0,0,0,0,1,0,0,0,12.386955044942582
299,5,450.0,3,42,8.31060606060606,9.785714285714286,0,0,0,0,0,1,0,0,0,1,0,0,1,0,0,0,0,0,0,0,0,0,0,0,0,0,0,1,1,150.0,1200.0,0,0,0,0,1,0,0,0,10.023654406958352
300,6,450.0,3,42,8.31060606060606,6.7,0,0,0,0,1,1,0,0,0,1,0,0,0,0,0,0,0,0,0,0,0,0,0,0,0,0,0,1,1,150.0,1600.0,0,0,0,0,1,0,0,0,6.899369013985535
301,7,200.0,3,42,8.31060606060606,5.777777777777778,0,0,0,1,0,1,0,0,0,0,0,0,0,0,0,0,0,0,0,0,0,0,0,0,0,0,0,0,0,0.0,0.0,0,0,0,0,1,0,0,0,5.367459323671069
302,8,200.0,3,42,8.31060606060606,2.125,0,0,0,1,0,1,0,0,0,0,0,0,0,0,0,0,0,0,0,0,0,0,0,0,0,0,0,0,0,0.0,0.0,0,0,0,0,1,0,0,0,1.80208916816086
303,1,300.0,4,42,8.31060606060606,8.73913043478261,0,0,0,0,0,0,0,0,1,0,0,0,0,0,0,0,0,0,0,0,0,0,0,0,0,0,0,1,0,50.0,0.0,0,0,0,0,1,0,0,0,8.64571973445916
304,2,400.0,4,42,8.31060606060606,9.357142857142858,0,1,0,0,0,0,0,0,0,0,0,0,0,0,0,0,0,0,0,0,0,0,0,0,0,0,0,1,0,100.0,0.0,0,0,0,0,1,0,0,0,8.911876894991659
305,3,400.0,4,42,8.31060606060606,7.066666666666666,0,1,0,0,0,0,0,0,0,1,0,0,0,0,0,0,0,0,0,0,0,0,0,0,0,0,0,1,0,100.0,0.0,0,0,0,0,1,0,0,0,6.675050880938402
306,5,700.0,4,42,8.31060606060606,11.727272727272727,0,0,0,0,0,1,0,0,0,1,0,0,0,0,0,0,0,0,0,0,0,0,0,0,0,0,0,1,1,200.0,2000.0,0,0,0,0,1,0,0,0,12.598635546749591
307,6,500.0,4,42,8.31060606060606,9.785714285714286,0,0,0,0,0,1,0,0,0,1,0,0,1,0,0,0,0,0,0,0,0,0,0,0,0,0,0,1,1,150.0,1200.0,0,0,0,0,1,0,0,0,10.148891054802585
308,7,600.0,4,42,8.31060606060606,6.7,0,0,0,0,1,1,0,0,0,1,0,0,0,0,0,0,0,0,0,0,0,0,0,0,0,0,0,1,1,150.0,1600.0,0,0,0,0,1,0,0,0,7.082234897804954
309,8,200.0,4,42,8.31060606060606,5.777777777777778,0,0,0,1,0,1,0,0,0,0,0,0,0,0,0,0,0,0,0,0,0,0,0,0,0,0,0,0,0,0.0,0.0,0,0,0,0,1,0,0,0,5.463881353527709
310,9,200.0,4,42,8.31060606060606,2.125,0,0,0,1,0,1,0,0,0,0,0,0,0,0,0,0,0,0,0,0,0,0,0,0,0,0,0,0,0,0.0,0.0,0,0,0,0,1,0,0,0,1.8985111980175002
311,10,1400.0,4,42,8.31060606060606,19.0,0,0,1,0,0,0,0,0,0,1,0,0,0,0,0,0,0,0,0,0,0,0,0,0,0,0,0,1,1,1000.0,32000.0,0,0,0,0,1,0,0,0,18.668354046013093
312,11,1000.0,4,42,8.31060606060606,23.0,0,0,1,0,0,0,0,0,0,1,0,0,0,0,0,0,0,0,0,0,0,0,0,0,0,0,0,1,1,800.0,14000.0,0,0,0,0,1,0,0,0,23.562504276720354
313,12,400.0,4,42,8.31060606060606,12.0,0,0,1,0,0,0,0,0,0,1,0,0,0,0,0,0,0,0,0,0,0,0,0,0,0,0,0,1,0,200.0,0.0,0,0,0,0,1,0,0,0,11.726859076721697
314,13,400.0,4,42,8.31060606060606,3.0,0,0,1,0,0,0,0,0,0,1,0,0,0,0,0,0,0,0,0,0,0,0,0,0,0,0,0,1,0,200.0,0.0,0,0,0,0,1,0,0,0,2.8647572140585513
315,1,300.0,5,42,8.31060606060606,8.73913043478261,0,0,0,0,0,0,0,0,1,0,0,0,0,0,0,0,0,0,0,0,0,0,0,0,0,0,0,1,0,50.0,0.0,0,0,0,0,1,0,0,0,8.689225065329328
316,2,400.0,5,42,8.31060606060606,13.307692307692308,0,0,0,0,0,0,0,0,0,0,1,0,0,0,0,0,0,0,0,0,0,0,0,0,0,0,0,1,0,100.0,0.0,0,0,0,0,1,0,0,0,12.976190766654561
317,3,300.0,5,42,8.31060606060606,7.428571428571429,0,0,0,0,0,0,0,0,0,0,1,0,0,0,0,0,0,0,0,0,0,0,0,0,0,0,0,1,0,50.0,0.0,0,0,0,0,1,0,0,0,7.098072982200835
318,4,200.0,5,42,8.31060606060606,16.09090909090909,0,0,0,1,0,0,0,0,0,0,1,0,0,0,0,0,0,0,0,0,0,0,0,0,0,0,0,0,0,0.0,0.0,0,0,0,0,1,0,0,0,15.611920321531821
319,5,200.0,5,42,8.31060606060606,4.25,0,0,0,1,0,1,0,0,1,0,0,0,0,0,0,0,0,0,0,0,0,0,0,0,0,0,0,0,0,0.0,0.0,0,0,0,0,1,0,0,0,4.062619276384367
320,6,400.0,5,42,8.31060606060606,7.214285714285714,0,0,0,0,1,0,0,0,0,1,0,0,0,0,0,0,0,0,0,0,0,0,0,0,0,0,0,1,0,100.0,0.0,0,0,0,0,1,0,0,0,6.73847317274558
321,7,500.0,5,42,8.31060606060606,7.454545454545454,0,0,0,0,0,1,0,0,1,0,0,0,0,0,0,0,0,0,0,0,0,0,0,0,0,0,0,1,1,200.0,2400.0,0,0,0,0,1,0,0,0,8.61947950883652
322,8,450.0,5,42,8.31060606060606,4.857142857142857,0,0,0,0,0,1,0,0,1,0,0,0,1,0,0,0,0,0,0,0,0,0,0,0,0,0,0,1,1,150.0,1200.0,0,0,0,0,1,0,0,0,5.6356098705018045
323,9,500.0,5,42,8.31060606060606,7.8125,0,1,0,0,0,1,0,0,0,0,0,0,0,0,0,0,0,0,0,0,0,0,0,0,0,0,0,1,1,200.0,2000.0,0,0,0,0,1,0,0,0,8.602606971978922
324,1,300.0,6,42,8.31060606060606,8.73913043478261,0,0,0,0,0,0,0,0,1,0,0,0,0,0,0,0,0,0,0,0,0,0,0,0,0,0,0,1,0,50.0,0.0,0,0,0,0,1,0,0,0,8.732730396199498
325,2,400.0,6,42,8.31060606060606,13.307692307692308,0,0,0,0,0,0,0,0,0,0,1,0,0,0,0,0,0,0,0,0,0,0,0,0,0,0,0,1,0,100.0,0.0,0,0,0,0,1,0,0,0,13.01969609752473
326,3,300.0,6,42,8.31060606060606,7.428571428571429,0,0,0,0,0,0,0,0,0,0,1,0,0,0,0,0,0,0,0,0,0,0,0,0,0,0,0,1,0,50.0,0.0,0,0,0,0,1,0,0,0,7.141578313071004
327,4,200.0,6,42,8.31060606060606,16.09090909090909,0,0,0,1,0,0,0,0,0,0,1,0,0,0,0,0,0,0,0,0,0,0,0,0,0,0,0,0,0,0.0,0.0,0,0,0,0,1,0,0,0,15.655425652401991
328,5,200.0,6,42,8.31060606060606,4.25,0,0,0,1,0,1,0,0,1,0,0,0,0,0,0,0,0,0,0,0,0,0,0,0,0,0,0,0,0,0.0,0.0,0,0,0,0,1,0,0,0,4.106124607254537
329,6,400.0,6,42,8.31060606060606,7.214285714285714,0,0,0,0,1,0,0,0,0,1,0,0,0,0,0,0,0,0,0,0,0,0,0,0,0,0,0,1,0,100.0,0.0,0,0,0,0,1,0,0,0,6.78197850361575
330,7,1000.0,6,42,8.31060606060606,9.97593984962406,0,0,0,0,0,0,0,0,0,0,0,0,0,0,0,0,0,0,0,0,0,0,0,0,0,0,0,0,0,0.0,0.0,0,0,0,0,1,0,0,0,10.62033652078517
331,8,800.0,6,42,8.31060606060606,7.454545454545454,0,0,0,0,0,1,0,0,1,0,0,0,0,0,0,0,0,0,0,0,0,0,0,0,0,0,0,1,1,200.0,2400.0,0,0,0,0,1,0,0,0,8.888789246618717
332,9,500.0,6,42,8.31060606060606,4.857142857142857,0,0,0,0,0,1,0,0,1,0,0,0,1,0,0,0,0,0,0,0,0,0,0,0,0,0,0,1,1,150.0,1200.0,0,0,0,0,1,0,0,0,5.760846518346038
333,10,600.0,6,42,8.31060606060606,7.8125,0,1,0,0,0,1,0,0,0,0,0,0,0,0,0,0,0,0,0,0,0,0,0,0,0,0,0,1,1,200.0,2000.0,0,0,0,0,1,0,0,0,8.756658237810749
334,11,1600.0,6,42,8.31060606060606,19.0,0,0,1,0,0,0,0,0,1,0,0,0,0,0,0,0,0,0,0,0,0,0,0,0,0,0,0,1,1,1000.0,36000.0,0,0,0,0,1,0,0,0,18.88094431360875
335,12,1200.0,6,42,8.31060606060606,22.0,0,0,1,0,0,0,0,0,1,0,0,0,0,0,0,0,0,0,0,0,0,0,0,0,0,0,0,1,1,900.0,19000.0,0,0,0,0,1,0,0,0,22.81142541279016
336,13,400.0,6,42,8.31060606060606,6.0,0,0,1,0,0,0,0,0,1,0,0,0,0,0,0,0,0,0,0,0,0,0,0,0,0,0,0,1,0,200.0,0.0,0,0,0,0,1,0,0,0,6.1716694087624955
1094,1,200.0,3,53,9.139240506329115,6.666666666666667,0,0,0,0,0,0,0,0,0,0,0,0,0,0,0,0,1,0,0,0,0,0,0,0,0,1,0,0,0,0.0,0.0,0,0,0,0,1,0,0,0,5.631278001640013
1095,2,350.0,3,53,9.139240506329115,15.25,0,0,0,0,0,0,0,0,1,0,0,0,0,0,0,0,1,0,0,0,0,0,0,0,0,0,0,1,0,100.0,0.0,0,0,0,0,1,0,0,0,14.753691535846627
1096,3,170.0,3,53,9.139240506329115,15.5,0,0,0,1,0,0,0,0,0,0,0,0,0,0,0,0,1,0,0,0,0,0,0,0,0,0,0,0,0,0.0,0.0,0,0,0,0,1,0,0,0,14.61139845109493
1097,4,160.0,3,53,9.139240506329115,14.6,0,0,0,1,0,0,0,0,0,0,1,0,0,0,0,0,1,0,0,0,0,0,0,0,0,0,0,0,0,0.0,0.0,0,0,0,0,1,0,0,0,13.595583701882768
1098,5,200.0,3,53,9.139240506329115,4.666666666666667,0,0,0,0,0,0,0,0,0,0,0,0,0,0,0,0,0,1,0,0,0,0,0,0,0,1,0,0,0,0.0,0.0,0,0,0,0,1,0,0,0,4.077529716464256
1099,6,200.0,3,53,9.139240506329115,2.0,0,0,0,0,0,0,0,0,0,0,0,0,0,0,0,0,0,0,1,0,0,0,0,0,0,1,0,0,0,0.0,0.0,0,0,0,0,1,0,0,0,1.1861584841898143
1100,7,160.0,3,53,9.139240506329115,11.666666666666666,0,0,0,1,0,0,0,0,0,0,0,0,0,0,0,0,0,0,0,0,0,1,0,0,0,0,0,0,0,0.0,0.0,0,0,0,0,1,0,0,0,10.918671262534668
1101,8,160.0,3,53,9.139240506329115,12.2,0,0,0,1,0,0,0,0,0,0,0,0,0,0,0,0,0,1,0,0,0,1,0,0,0,0,0,0,0,0.0,0.0,0,0,0,0,1,0,0,0,11.622957601094852
1102,9,160.0,3,53,9.139240506329115,20.4,0,0,0,1,0,0,0,0,0,0,1,0,0,0,0,0,0,1,0,0,0,0,0,0,0,0,0,0,0,0.0,0.0,0,0,0,0,1,0,0,0,19.821101535789815
1103,10,350.0,3,53,9.139240506329115,6.833333333333333,0,0,0,0,0,0,0,0,1,0,0,0,0,0,0,0,0,0,0,0,1,0,0,0,0,0,0,1,0,100.0,0.0,0,0,0,0,1,0,0,0,5.935070580658299
1104,11,170.0,3,53,9.139240506329115,4.4,0,0,0,1,0,0,0,0,0,0,0,0,0,0,0,0,0,0,0,1,0,0,0,0,0,0,0,0,0,0.0,0.0,0,0,0,0,1,0,0,0,3.2603039430148524
1105,12,170.0,3,53,9.139240506329115,6.333333333333333,0,0,0,1,0,0,0,0,0,0,0,0,0,0,0,0,0,0,0,0,1,0,0,0,0,0,0,0,0,0.0,0.0,0,0,0,0,1,0,0,0,5.10277598142227
1106,13,160.0,3,53,9.139240506329115,5.5,0,0,0,1,0,0,0,0,0,0,1,0,0,0,0,0,0,0,0,0,1,0,0,0,0,0,0,0,0,0.0,0.0,0,0,0,0,1,0,0,0,4.1529984067408465
1107,14,170.0,3,53,9.139240506329115,5.666666666666667,0,0,0,1,0,0,0,0,0,0,0,0,0,0,0,0,0,0,0,0,1,0,0,0,0,0,0,0,0,0.0,0.0,0,0,0,0,1,0,0,0,4.548237634087833
1108,15,160.0,3,53,9.139240506329115,3.25,0,0,0,1,0,0,0,0,0,0,1,0,0,0,0,0,0,0,0,1,0,0,0,0,0,0,0,0,0,0.0,0.0,0,0,0,0,1,0,0,0,2.155599886271835
1109,16,160.0,3,53,9.139240506329115,8.0,0,0,0,1,0,0,0,0,0,0,1,0,0,0,0,0,0,0,0,0,1,0,0,0,0,0,0,0,0,0.0,0.0,0,0,0,0,1,0,0,0,6.788142548602929
1110,17,170.0,3,53,9.139240506329115,4.0,0,0,0,1,0,0,0,0,0,0,0,0,0,0,0,0,0,0,0,1,0,0,0,0,0,0,0,0,0,0.0,0.0,0,0,0,0,1,0,0,0,3.1815810897492485
1111,18,170.0,3,53,9.139240506329115,5.0,0,0,0,1,0,0,0,0,0,0,0,0,0,0,0,0,0,0,0,0,1,0,0,0,0,0,0,0,0,0.0,0.0,0,0,0,0,1,0,0,0,4.099532684726337
1112,19,160.0,3,53,9.139240506329115,5.0,0,0,0,1,0,0,0,0,0,0,1,0,0,0,0,0,0,0,0,0,1,0,0,0,0,0,0,0,0,0.0,0.0,0,0,0,0,1,0,0,0,3.9752197916791365
1113,1,350.0,4,53,9.139240506329115,6.25,0,0,0,0,0,0,0,0,0,1,0,0,0,0,0,0,1,0,0,0,0,0,0,0,0,0,0,1,0,100.0,0.0,0,0,0,0,1,0,0,0,5.5810329270003125
1114,2,350.0,4,53,9.139240506329115,12.0,0,1,0,0,0,0,0,0,1,0,0,0,0,0,0,0,1,0,0,0,0,0,0,0,0,0,0,1,0,100.0,0.0,0,0,0,0,1,0,0,0,11.298856252488113
1115,3,160.0,4,53,9.139240506329115,10.25,0,0,0,1,0,0,0,0,0,0,1,0,0,0,0,0,1,0,0,0,0,0,0,0,0,0,0,0,0,0.0,0.0,0,0,0,0,1,0,0,0,9.277246695635819
1116,4,160.0,4,53,9.139240506329115,6.4,0,0,0,1,0,0,0,0,0,0,0,0,0,0,0,0,1,0,0,0,0,1,0,0,0,0,0,0,0,0.0,0.0,0,0,0,0,1,0,0,0,5.4938617970444446
1117,5,170.0,4,53,9.139240506329115,11.0,0,0,0,1,0,0,0,0,0,0,0,0,0,0,0,0,1,0,0,0,0,0,0,0,0,0,0,0,0,0.0,0.0,0,0,0,0,1,0,0,0,10.303227899113233
1118,6,350.0,4,53,9.139240506329115,8.8,0,0,0,0,0,0,0,0,1,0,0,0,0,0,0,0,0,1,0,0,0,0,0,0,0,0,0,1,0,100.0,0.0,0,0,0,0,1,0,0,0,8.835467181614288
1119,7,350.0,4,53,9.139240506329115,6.6,0,0,0,0,1,0,0,0,0,0,1,0,0,0,0,0,0,1,0,0,0,0,0,0,0,0,0,1,0,100.0,0.0,0,0,0,0,1,0,0,0,5.746269183322122
1120,8,160.0,4,53,9.139240506329115,19.333333333333332,0,0,0,1,0,0,0,0,0,0,1,0,0,0,0,0,0,1,0,0,0,0,0,0,0,0,0,0,0,0.0,0.0,0,0,0,0,1,0,0,0,18.75509537518171
1121,9,170.0,4,53,9.139240506329115,19.2,0,0,0,1,0,0,0,0,0,0,0,0,0,0,0,0,0,1,0,0,0,0,0,0,0,0,0,0,0,0.0,0.0,0,0,0,0,1,0,0,0,18.853167317140375
1122,10,140.0,4,53,9.139240506329115,8.75,0,0,0,1,0,0,0,0,0,0,0,0,0,0,0,0,0,1,0,0,0,0,0,0,0,0,0,0,0,0.0,0.0,0,0,0,0,1,0,0,0,8.537468137641124
1123,11,350.0,4,53,9.139240506329115,4.25,0,0,0,0,0,0,0,0,0,1,0,0,0,0,0,0,0,0,1,0,0,0,0,0,0,0,0,1,0,100.0,0.0,0,0,0,0,1,0,0,0,4.041983885711984
1124,12,350.0,4,53,9.139240506329115,5.333333333333333,0,0,0,0,1,0,0,0,0,1,0,0,0,0,0,0,0,0,1,0,0,1,0,0,0,0,0,0,0,0.0,0.0,0,0,0,0,1,0,0,0,4.528904192447077
1125,13,140.0,4,53,9.139240506329115,11.333333333333334,0,0,0,1,0,0,0,0,0,0,0,0,0,0,0,0,0,0,0,0,0,1,0,0,0,0,0,0,0,0.0,0.0,0,0,0,0,1,0,0,0,10.937965067474934
1126,14,350.0,4,53,9.139240506329115,3.8,0,0,0,0,1,0,0,0,0,0,1,0,0,0,0,0,0,0,1,0,0,0,0,0,0,0,0,1,0,100.0,0.0,0,0,0,0,1,0,0,0,3.0403237959050307
1127,15,350.0,4,53,9.139240506329115,8.0,0,1,0,0,0,0,0,0,1,0,0,0,0,0,0,0,0,0,1,0,0,0,0,0,0,0,0,1,0,100.0,0.0,0,0,0,0,1,0,0,0,7.937442072237061
1128,16,170.0,4,53,9.139240506329115,8.5,0,0,0,1,0,0,0,0,0,0,0,0,0,0,0,0,0,0,1,0,0,0,0,0,0,0,0,0,0,0.0,0.0,0,0,0,0,1,0,0,0,8.321816747830841
1129,17,160.0,4,53,9.139240506329115,11.0,0,0,0,1,0,0,0,0,0,0,1,0,0,0,0,0,0,0,1,0,0,0,0,0,0,0,0,0,0,0.0,0.0,0,0,0,0,1,0,0,0,10.673897899686313
1130,18,170.0,4,53,9.139240506329115,8.2,0,0,0,1,0,0,0,0,0,0,0,0,0,0,0,0,0,0,1,0,0,0,0,0,0,0,0,0,0,0.0,0.0,0,0,0,0,1,0,0,0,8.130482860415462
1147,1,650.0,4,8,6.450980392156863,10.75,0,0,0,0,0,0,0,0,1,0,0,0,0,0,0,0,0,0,0,0,0,0,0,0,0,0,0,0,0,0.0,0.0,0,0,0,0,1,0,0,0,11.9677602664944
1148,2,500.0,4,8,6.450980392156863,8.666666666666666,0,0,0,0,0,0,0,0,0,1,0,0,0,0,0,0,0,0,0,0,0,0,0,0,0,0,0,0,0,0.0,0.0,0,0,0,0,1,0,0,0,9.622342728352132
1149,3,500.0,4,8,6.450980392156863,8.5,0,1,0,0,0,0,0,0,0,0,0,0,0,0,0,0,0,0,0,0,0,0,0,0,0,0,0,0,0,0.0,0.0,0,0,0,0,1,0,0,0,9.252032208961635
1150,4,500.0,4,8,6.450980392156863,6.75,0,1,0,0,0,0,0,0,0,1,0,0,0,0,0,0,0,0,0,0,0,0,0,0,0,0,0,0,0,0.0,0.0,0,0,0,0,1,0,0,0,7.550579002711148
1131,1,140.0,5,53,9.139240506329115,9.75,0,0,0,0,0,0,0,0,0,0,0,0,0,0,0,0,0,0,0,0,0,0,0,0,0,0,0,0,0,0.0,0.0,0,0,0,0,1,0,0,0,9.203098133004943
1132,2,140.0,5,53,9.139240506329115,5.5,0,0,0,0,0,0,0,0,0,0,1,0,0,0,0,0,0,0,0,0,0,0,0,0,0,0,0,0,0,0.0,0.0,0,0,0,0,1,0,0,0,4.874678287220721
1133,3,170.0,5,53,9.139240506329115,14.0,0,0,0,1,0,0,0,0,0,0,0,0,0,0,0,0,1,0,0,0,0,0,0,0,0,0,0,0,0,0.0,0.0,0,0,0,0,1,0,0,0,13.212572685893665
1134,4,350.0,5,53,9.139240506329115,4.75,0,0,0,0,1,0,0,0,0,0,1,0,0,0,0,0,1,0,0,0,0,0,0,0,0,0,0,1,0,100.0,0.0,0,0,0,0,1,0,0,0,3.582792669204405
1135,5,160.0,5,53,9.139240506329115,14.833333333333334,0,0,0,1,0,0,0,0,0,0,1,0,0,0,0,0,1,0,0,0,0,0,0,0,0,0,0,0,0,0.0,0.0,0,0,0,0,1,0,0,0,13.96664117346716
1136,6,140.0,5,53,9.139240506329115,5.0,0,0,0,1,0,0,0,0,0,0,0,0,0,0,0,0,1,0,0,0,0,0,0,0,0,0,0,0,0,0.0,0.0,0,0,0,0,1,0,0,0,4.439015450410906
1137,7,350.0,5,53,9.139240506329115,8.75,0,0,0,0,0,0,0,0,0,1,0,0,0,0,0,0,0,1,0,0,0,0,0,0,0,0,0,1,0,100.0,0.0,0,0,0,0,1,0,0,0,8.634132651492473
1138,8,350.0,5,53,9.139240506329115,7.333333333333333,0,1,0,0,0,0,0,0,1,0,0,0,0,0,0,0,0,1,0,0,0,0,0,0,0,0,0,1,0,100.0,0.0,0,0,0,0,1,0,0,0,7.252959714925951
1139,9,350.0,5,53,9.139240506329115,3.2,0,0,0,0,1,0,0,0,0,0,0,0,0,0,0,0,0,1,0,0,0,1,0,0,0,0,0,0,0,0.0,0.0,0,0,0,0,1,0,0,0,2.6241648652107052
1140,10,170.0,5,53,9.139240506329115,16.0,0,0,0,1,0,0,0,0,0,0,0,0,0,0,0,0,0,1,0,0,0,0,0,0,0,0,0,0,0,0.0,0.0,0,0,0,0,1,0,0,0,15.779804969521596
1141,11,160.0,5,53,9.139240506329115,18.5,0,0,0,1,0,0,0,0,0,0,1,0,0,0,0,0,0,1,0,0,0,0,0,0,0,0,0,0,0,0.0,0.0,0,0,0,0,1,0,0,0,18.131886121377065
1142,12,170.0,5,53,9.139240506329115,10.2,0,0,0,1,0,0,0,0,0,0,0,0,0,0,0,0,0,1,0,0,0,0,0,0,0,0,0,0,0,0.0,0.0,0,0,0,0,1,0,0,0,10.140404183320339
1143,13,350.0,5,53,9.139240506329115,6.25,0,0,0,0,0,0,0,0,1,0,0,0,0,0,0,0,0,0,1,0,0,0,0,0,0,0,0,1,0,100.0,0.0,0,0,0,0,1,0,0,0,6.420666529557631
1144,14,160.0,5,53,9.139240506329115,10.666666666666666,0,0,0,1,0,0,0,0,0,0,1,0,0,0,0,0,0,0,1,0,0,0,0,0,0,0,0,0,0,0.0,0.0,0,0,0,0,1,0,0,0,10.22846726094338
1145,15,170.0,5,53,9.139240506329115,11.0,0,0,0,1,0,0,0,0,0,0,0,0,0,0,0,0,0,0,1,0,0,0,0,0,0,0,0,0,0,0.0,0.0,0,0,0,0,1,0,0,0,10.788799424617212
1146,16,160.0,5,53,9.139240506329115,11.8,0,0,0,1,0,0,0,0,0,0,0,0,0,0,0,0,0,0,0,0,0,1,0,0,0,0,0,0,0,0.0,0.0,0,0,0,0,1,0,0,0,11.61400656421472
1151,1,500.0,5,8,6.450980392156863,5.0,0,0,0,0,0,0,0,0,0,1,0,0,0,0,0,1,0,0,0,0,0,0,0,0,0,0,0,0,0,0.0,0.0,0,0,0,0,1,0,0,0,5.065930936736024
1152,2,290.0,5,8,6.450980392156863,5.5,0,0,0,1,0,0,0,0,0,0,1,0,0,0,0,0,0,0,0,0,0,0,0,0,0,0,0,0,0,0.0,0.0,0,0,0,0,1,0,0,0,6.026598698094671
1153,3,290.0,5,8,6.450980392156863,4.0,0,0,0,1,0,0,0,0,0,0,1,0,0,0,0,0,0,0,0,0,0,0,0,0,0,0,0,0,0,0.0,0.0,0,0,0,0,1,0,0,0,4.593678970139539
1154,4,500.0,5,8,6.450980392156863,7.6,0,0,0,0,1,0,0,0,0,0,1,0,0,0,0,0,0,0,0,0,0,0,0,0,0,0,0,0,0,0.0,0.0,0,0,0,0,1,0,0,0,8.000427406019552
798,1,330.0,2,22,17.212389380530972,30.0,0,0,0,0,0,0,0,0,1,0,0,0,1,0,0,0,0,0,0,0,0,0,0,0,0,0,0,0,0,0.0,0.0,0,0,0,0,0,1,0,0,27.364137338412377
799,2,330.0,2,22,17.212389380530972,17.0,0,0,0,0,0,0,0,0,1,0,0,0,0,0,0,0,0,0,0,0,0,0,0,0,0,0,0,0,0,0.0,0.0,0,0,0,0,0,1,0,0,15.012349792980272
800,3,330.0,2,22,17.212389380530972,18.6,0,0,0,0,0,0,0,1,0,0,0,0,0,0,0,0,0,0,0,0,0,0,0,1,0,0,0,0,0,0.0,0.0,0,0,0,0,0,1,0,0,18.086558991469314
801,4,280.0,2,22,17.212389380530972,12.8,0,0,0,1,0,0,0,1,0,0,0,0,0,0,0,0,0,0,0,0,0,0,0,0,0,0,0,0,0,0.0,0.0,0,0,0,0,0,1,0,0,11.526032133716688
802,5,280.0,2,22,17.212389380530972,36.666666666666664,0,0,0,1,0,0,0,0,0,0,1,0,0,0,0,0,0,0,0,0,0,0,0,0,0,0,0,0,0,0.0,0.0,0,0,0,0,0,1,0,0,33.993560904069675
803,6,280.0,2,22,17.212389380530972,15.666666666666666,0,0,0,1,0,0,0,0,0,0,0,0,0,0,0,0,0,0,0,0,0,0,0,0,0,0,0,0,0,0.0,0.0,0,0,0,0,0,1,0,0,13.416234294309865
804,7,280.0,2,22,17.212389380530972,36.0,0,0,0,1,0,0,0,0,0,0,1,0,0,0,0,0,0,0,0,0,0,0,0,0,0,0,0,0,0,0.0,0.0,0,0,0,0,0,1,0,0,33.43902255673524
805,8,280.0,2,22,17.212389380530972,6.5,0,0,0,1,0,0,0,1,0,0,0,0,0,0,0,0,0,0,0,0,0,0,0,0,1,0,0,0,0,0.0,0.0,0,0,0,0,0,1,0,0,4.186176377652535
806,9,330.0,2,22,17.212389380530972,30.833333333333332,0,1,0,0,0,0,0,0,0,0,0,0,0,0,0,0,0,0,0,0,0,0,0,0,0,0,0,0,0,0.0,0.0,0,0,0,0,0,1,0,0,28.579117439883156
807,10,330.0,2,22,17.212389380530972,37.8,0,0,0,0,0,0,0,0,0,0,1,0,0,0,0,0,0,0,0,0,0,0,0,0,0,0,0,0,0,0.0,0.0,0,0,0,0,0,1,0,0,35.64048056475079
808,11,280.0,2,22,17.212389380530972,19.0,0,0,0,1,0,0,0,0,0,0,0,0,1,0,0,0,0,0,0,0,0,0,0,0,0,0,0,0,0,0.0,0.0,0,0,0,0,0,1,0,0,16.510131726703804
809,12,330.0,2,22,17.212389380530972,10.25,0,0,0,0,0,0,0,0,0,1,0,0,1,0,0,0,0,0,0,0,0,0,0,0,0,0,0,0,0,0.0,0.0,0,0,0,0,0,1,0,0,8.134479393452056
810,13,330.0,2,22,17.212389380530972,8.75,0,0,0,0,0,0,0,1,0,1,0,0,0,0,0,0,0,0,0,0,0,0,0,0,0,0,0,0,0,0.0,0.0,0,0,0,0,0,1,0,0,8.229334196773726
811,14,330.0,2,22,17.212389380530972,10.5,0,0,0,0,0,0,0,1,0,0,0,1,0,0,0,0,0,0,0,0,0,0,0,0,0,0,0,0,0,0.0,0.0,0,0,0,0,0,1,0,0,10.107475670401744
812,15,330.0,2,22,17.212389380530972,17.2,0,1,0,0,0,0,0,1,0,0,0,0,0,0,0,0,0,0,0,0,0,0,0,0,0,0,0,0,0,0.0,0.0,0,0,0,0,0,1,0,0,16.44724518446757
813,16,280.0,2,22,17.212389380530972,18.0,0,0,0,1,0,0,0,0,0,0,0,0,0,0,0,0,0,0,0,0,0,0,0,0,0,0,0,0,0,0.0,0.0,0,0,0,0,0,1,0,0,16.256702392750398
814,17,280.0,2,22,17.212389380530972,24.2,0,0,0,1,0,0,0,0,0,0,0,0,0,0,0,0,0,0,0,0,0,0,0,0,0,0,0,0,0,0.0,0.0,0,0,0,0,0,1,0,0,22.451076323095492
815,18,330.0,2,22,17.212389380530972,16.5,0,1,0,0,0,0,0,0,0,1,0,0,0,0,0,0,0,0,0,0,0,0,0,0,0,0,0,0,0,0.0,0.0,0,0,0,0,0,1,0,0,14.836481132847656
816,19,280.0,2,22,17.212389380530972,12.666666666666666,0,0,0,1,0,0,0,0,0,0,1,0,0,0,0,0,0,0,0,0,0,0,0,0,0,0,0,0,0,0.0,0.0,0,0,0,0,0,1,0,0,10.961011858814624
817,20,100.0,2,22,17.212389380530972,2.75,0,0,0,0,1,0,0,0,0,1,0,0,0,0,0,0,0,0,0,0,0,0,0,0,0,0,0,0,0,0.0,0.0,0,0,0,0,0,1,0,0,0.9045417329153693
818,21,330.0,2,22,17.212389380530972,14.5,0,0,0,0,0,0,0,0,0,1,0,0,0,0,0,0,0,0,0,0,0,0,0,0,0,0,0,0,0,0.0,0.0,0,0,0,0,0,1,0,0,13.293144349740142
819,22,330.0,2,22,17.212389380530972,9.333333333333334,0,0,0,0,0,0,0,1,1,0,0,0,0,0,0,0,0,0,0,0,0,0,0,0,0,0,0,0,0,0.0,0.0,0,0,0,0,0,1,0,0,9.531638443876318
820,1,520.0,3,17,6.450980392156863,4.0,0,0,0,0,0,0,0,0,0,1,0,0,0,1,0,0,0,0,0,0,0,0,0,0,0,0,0,1,0,100.0,0.0,0,0,0,0,0,1,0,0,2.9112335264510296
821,2,650.0,3,17,6.450980392156863,10.75,0,0,0,0,0,0,0,0,1,0,0,0,0,0,0,0,0,0,0,0,0,0,0,0,0,0,0,0,0,0.0,0.0,0,0,0,0,0,1,0,0,10.40889062720507
822,3,50.0,3,17,6.450980392156863,7.5,0,0,0,0,0,0,1,0,1,0,0,0,0,0,0,0,0,0,0,0,0,0,0,0,0,0,1,0,0,0.0,0.0,0,0,0,0,0,1,0,0,7.200203633347513
823,4,500.0,3,17,6.450980392156863,8.666666666666666,0,0,0,0,0,0,0,0,0,1,0,0,0,0,0,0,0,0,0,0,0,0,0,0,0,0,0,0,0,0.0,0.0,0,0,0,0,0,1,0,0,8.116389788049272
824,5,50.0,3,17,6.450980392156863,5.0,0,0,0,0,0,0,1,0,0,1,0,0,0,0,0,0,0,0,0,0,0,0,0,0,0,0,1,0,0,0.0,0.0,0,0,0,0,0,1,0,0,4.5814143073373845
825,6,500.0,3,17,6.450980392156863,8.5,0,1,0,0,0,0,0,0,0,0,0,0,0,0,0,0,0,0,0,0,0,0,0,0,0,0,0,0,0,0.0,0.0,0,0,0,0,0,1,0,0,7.798995967645245
826,7,500.0,3,17,6.450980392156863,6.75,0,1,0,0,0,0,0,0,0,1,0,0,0,0,0,0,0,0,0,0,0,0,0,0,0,0,0,0,0,0.0,0.0,0,0,0,0,0,1,0,0,6.097542761394758
827,8,520.0,3,17,6.450980392156863,5.5,0,0,0,0,0,0,0,0,1,0,0,0,0,1,0,0,0,0,0,0,0,0,0,0,0,0,0,1,0,100.0,0.0,0,0,0,0,0,1,0,0,5.015715525378325
828,9,500.0,3,17,6.450980392156863,5.0,0,0,0,0,0,0,0,0,0,1,0,0,0,0,0,1,0,0,0,0,0,0,0,0,0,0,0,0,0,0.0,0.0,0,0,0,0,0,1,0,0,3.8339728594818183
829,10,50.0,3,17,6.450980392156863,5.0,0,0,0,0,0,0,0,0,0,1,0,0,1,0,0,0,0,0,0,0,0,0,0,0,0,0,1,0,0,0.0,0.0,0,0,0,0,0,1,0,0,4.867663866169435
830,11,290.0,3,17,6.450980392156863,7.0,0,0,0,1,0,0,0,0,0,0,0,0,0,0,0,0,0,0,0,0,0,0,0,0,0,0,0,0,0,0.0,0.0,0,0,0,0,0,1,0,0,6.504860415204691
831,12,50.0,3,17,6.450980392156863,4.0,0,0,0,1,0,0,1,0,0,0,0,0,0,0,0,0,0,0,0,0,0,0,0,0,0,0,1,0,0,0.0,0.0,0,0,0,0,0,1,0,0,3.751278075348072
832,13,290.0,3,17,6.450980392156863,5.5,0,0,0,1,0,0,0,0,0,0,1,0,0,0,0,0,0,0,0,0,0,0,0,0,0,0,0,0,0,0.0,0.0,0,0,0,0,0,1,0,0,4.953390717799877
833,14,290.0,3,17,6.450980392156863,4.0,0,0,0,1,0,0,0,0,0,0,1,0,0,0,0,0,0,0,0,0,0,0,0,0,0,0,0,0,0,0.0,0.0,0,0,0,0,0,1,0,0,3.5204709898447444
834,15,500.0,3,17,6.450980392156863,7.6,0,0,0,0,1,0,0,0,0,0,1,0,0,0,0,0,0,0,0,0,0,0,0,0,0,0,0,0,0,0.0,0.0,0,0,0,0,0,1,0,0,6.927219425724758
835,16,700.0,3,17,6.450980392156863,5.0,0,0,1,0,0,0,1,0,1,0,0,0,0,0,0,0,0,0,0,0,0,0,0,0,0,0,0,0,1,0.0,4000.0,0,0,0,0,0,1,0,0,5.074951972164522
836,17,700.0,3,17,6.450980392156863,5.0,0,0,1,0,0,0,1,0,0,1,0,0,0,0,0,0,0,0,0,0,0,0,0,0,0,0,0,0,1,0.0,4000.0,0,0,0,0,0,1,0,0,4.879639992070594
365,1,300.0,2,38,8.31060606060606,8.73913043478261,0,0,0,0,0,0,0,0,1,0,0,0,0,0,0,0,0,0,0,0,0,0,0,0,0,0,0,1,0,50.0,0.0,0,0,0,0,0,1,0,0,7.27470684694865
366,2,400.0,2,38,8.31060606060606,9.357142857142858,0,1,0,0,0,0,0,0,0,0,0,0,0,0,0,0,0,0,0,0,0,0,0,0,0,0,0,1,0,100.0,0.0,0,0,0,0,0,1,0,0,7.54086400748115
367,3,400.0,2,38,8.31060606060606,7.066666666666666,0,1,0,0,0,0,0,0,0,1,0,0,0,0,0,0,0,0,0,0,0,0,0,0,0,0,0,1,0,100.0,0.0,0,0,0,0,0,1,0,0,5.304037993427893
368,4,200.0,2,38,8.31060606060606,2.125,0,0,0,1,0,1,0,0,0,0,0,0,0,0,0,0,0,0,0,0,0,0,0,0,0,0,0,0,0,0.0,0.0,0,0,0,0,0,1,0,0,0.2629148155746357
369,5,200.0,2,38,8.31060606060606,5.777777777777778,0,0,0,1,0,1,0,0,0,0,0,0,0,0,0,0,0,0,0,0,0,0,0,0,0,0,0,0,0,0.0,0.0,0,0,0,0,0,1,0,0,3.9341183690577886
370,6,700.0,2,38,8.31060606060606,11.727272727272727,0,0,0,0,0,1,0,0,0,1,0,0,0,0,0,0,0,0,0,0,0,0,0,0,0,0,0,1,1,200.0,2000.0,0,0,0,0,0,1,0,0,11.280539358225553
371,7,500.0,2,38,8.31060606060606,9.785714285714286,0,0,0,0,0,1,0,0,0,1,0,0,1,0,0,0,0,0,0,0,0,0,0,0,0,0,0,1,1,150.0,1200.0,0,0,0,0,0,1,0,0,8.830794866278545
372,8,600.0,2,38,8.31060606060606,6.7,0,0,0,0,1,1,0,0,0,1,0,0,0,0,0,0,0,0,0,0,0,0,0,0,0,0,0,1,1,150.0,1600.0,0,0,0,0,0,1,0,0,5.764138709280916
373,9,720.0,2,38,8.31060606060606,16.0,0,0,1,0,0,0,0,0,0,1,0,0,0,0,0,0,0,0,0,0,0,0,0,0,0,0,0,1,1,520.0,2200.0,0,0,0,0,0,1,0,0,15.569459592124627
374,10,800.0,2,38,8.31060606060606,10.5,1,0,0,0,0,1,0,0,1,0,0,0,0,0,0,0,0,0,0,0,0,0,0,0,0,0,0,1,1,600.0,6000.0,0,0,0,0,0,1,0,0,10.027926182600241
337,1,300.0,5,38,8.31060606060606,8.73913043478261,0,0,0,0,0,0,0,0,1,0,0,0,0,0,0,0,0,0,0,0,0,0,0,0,0,0,0,1,0,50.0,0.0,0,0,0,0,0,1,0,0,7.405222839559158
338,2,400.0,5,38,8.31060606060606,13.307692307692308,0,0,0,0,0,0,0,0,0,0,1,0,0,0,0,0,0,0,0,0,0,0,0,0,0,0,0,1,0,100.0,0.0,0,0,0,0,0,1,0,0,11.69218854088439
339,3,300.0,5,38,8.31060606060606,7.428571428571429,0,0,0,0,0,0,0,0,0,0,1,0,0,0,0,0,0,0,0,0,0,0,0,0,0,0,0,1,0,50.0,0.0,0,0,0,0,0,1,0,0,5.814070756430665
340,4,200.0,5,38,8.31060606060606,16.09090909090909,0,0,0,1,0,0,0,0,0,0,1,0,0,0,0,0,0,0,0,0,0,0,0,0,0,0,0,0,0,0.0,0.0,0,0,0,0,0,1,0,0,14.327918095761651
341,5,200.0,5,38,8.31060606060606,4.25,0,0,0,1,0,1,0,0,1,0,0,0,0,0,0,0,0,0,0,0,0,0,0,0,0,0,0,0,0,0.0,0.0,0,0,0,0,0,1,0,0,2.778617050614198
342,6,400.0,5,38,8.31060606060606,7.214285714285714,0,0,0,0,1,0,0,0,0,1,0,0,0,0,0,0,0,0,0,0,0,0,0,0,0,0,0,1,0,100.0,0.0,0,0,0,0,0,1,0,0,5.454470946975411
343,7,500.0,5,38,8.31060606060606,7.454545454545454,0,0,0,0,0,1,0,0,1,0,0,0,0,0,0,0,0,0,0,0,0,0,0,0,0,0,0,1,1,200.0,2400.0,0,0,0,0,0,1,0,0,7.33547728306635
344,8,450.0,5,38,8.31060606060606,4.857142857142857,0,0,0,0,0,1,0,0,1,0,0,0,1,0,0,0,0,0,0,0,0,0,0,0,0,0,0,1,1,150.0,1200.0,0,0,0,0,0,1,0,0,4.351607644731635
345,9,500.0,5,38,8.31060606060606,7.8125,0,1,0,0,0,1,0,0,0,0,0,0,0,0,0,0,0,0,0,0,0,0,0,0,0,0,0,1,1,200.0,2000.0,0,0,0,0,0,1,0,0,7.318604746208752
346,1,300.0,6,38,8.31060606060606,8.73913043478261,0,0,0,0,0,0,0,0,1,0,0,0,0,0,0,0,0,0,0,0,0,0,0,0,0,0,0,1,0,50.0,0.0,0,0,0,0,0,1,0,0,7.4487281704293276
347,2,400.0,6,38,8.31060606060606,9.357142857142858,0,1,0,0,0,0,0,0,0,0,0,0,0,0,0,0,0,0,0,0,0,0,0,0,0,0,0,1,0,100.0,0.0,0,0,0,0,0,1,0,0,7.7148853309618275
348,3,400.0,6,38,8.31060606060606,7.066666666666666,0,1,0,0,0,0,0,0,0,1,0,0,0,0,0,0,0,0,0,0,0,0,0,0,0,0,0,1,0,100.0,0.0,0,0,0,0,0,1,0,0,5.4780593169085705
349,4,500.0,6,38,8.31060606060606,11.727272727272727,0,0,0,0,0,1,0,0,0,1,0,0,0,0,0,0,0,0,0,0,0,0,0,0,0,0,0,1,1,200.0,2000.0,0,0,0,0,0,1,0,0,11.233468811782918
350,5,450.0,6,38,8.31060606060606,9.785714285714286,0,0,0,0,0,1,0,0,0,1,0,0,1,0,0,0,0,0,0,0,0,0,0,0,0,0,0,1,1,150.0,1200.0,0,0,0,0,0,1,0,0,8.870168173798689
351,6,450.0,6,38,8.31060606060606,6.7,0,0,0,0,1,1,0,0,0,1,0,0,0,0,0,0,0,0,0,0,0,0,0,0,0,0,0,1,1,150.0,1600.0,0,0,0,0,0,1,0,0,5.745882780825873
352,7,200.0,6,38,8.31060606060606,5.777777777777778,0,0,0,1,0,1,0,0,0,0,0,0,0,0,0,0,0,0,0,0,0,0,0,0,0,0,0,0,0,0.0,0.0,0,0,0,0,0,1,0,0,4.2139730905114074
353,8,200.0,6,38,8.31060606060606,2.125,0,0,0,1,0,1,0,0,0,0,0,0,0,0,0,0,0,0,0,0,0,0,0,0,0,0,0,0,0,0.0,0.0,0,0,0,0,0,1,0,0,0.6486029350011968
354,9,500.0,6,38,8.31060606060606,4.0,1,0,0,0,0,1,0,0,0,1,0,0,0,0,0,0,0,0,0,0,0,0,0,0,0,0,0,1,1,300.0,2000.0,0,0,0,0,0,1,0,0,3.281330505076374
355,1,300.0,0,38,8.31060606060606,8.73913043478261,0,0,0,0,0,0,0,0,1,0,0,0,0,0,0,0,0,0,0,0,0,0,0,0,0,0,0,1,0,50.0,0.0,0,0,0,0,0,1,0,0,7.187696185208311
356,2,400.0,0,38,8.31060606060606,13.307692307692308,0,0,0,0,0,0,0,0,0,0,1,0,0,0,0,0,0,0,0,0,0,0,0,0,0,0,0,1,0,100.0,0.0,0,0,0,0,0,1,0,0,11.474661886533543
357,3,300.0,0,38,8.31060606060606,7.428571428571429,0,0,0,0,0,0,0,0,0,0,1,0,0,0,0,0,0,0,0,0,0,0,0,0,0,0,0,1,0,50.0,0.0,0,0,0,0,0,1,0,0,5.596544102079816
358,4,200.0,0,38,8.31060606060606,16.09090909090909,0,0,0,1,0,0,0,0,0,0,1,0,0,0,0,0,0,0,0,0,0,0,0,0,0,0,0,0,0,0.0,0.0,0,0,0,0,0,1,0,0,14.110391441410805
359,5,200.0,0,38,8.31060606060606,4.25,0,0,0,1,0,1,0,0,1,0,0,0,0,0,0,0,0,0,0,0,0,0,0,0,0,0,0,0,0,0.0,0.0,0,0,0,0,0,1,0,0,2.5610903962633493
360,6,400.0,0,38,8.31060606060606,7.214285714285714,0,0,0,0,1,0,0,0,0,1,0,0,0,0,0,0,0,0,0,0,0,0,0,0,0,0,0,1,0,100.0,0.0,0,0,0,0,0,1,0,0,5.236944292624562
361,7,800.0,0,38,8.31060606060606,7.454545454545454,0,0,0,0,0,1,0,0,1,0,0,0,0,0,0,0,0,0,0,0,0,0,0,0,0,0,0,1,1,200.0,2400.0,0,0,0,0,0,1,0,0,7.29083833664106
362,8,500.0,0,38,8.31060606060606,4.857142857142857,0,0,0,0,0,1,0,0,1,0,0,0,1,0,0,0,0,0,0,0,0,0,0,0,0,0,0,1,1,150.0,1200.0,0,0,0,0,0,1,0,0,4.16289560836838
363,9,600.0,0,38,8.31060606060606,7.8125,0,1,0,0,0,1,0,0,0,0,0,0,0,0,0,0,0,0,0,0,0,0,0,0,0,0,0,1,1,200.0,2000.0,0,0,0,0,0,1,0,0,7.15870732783309
364,10,820.0,0,38,8.31060606060606,16.0,0,0,1,0,0,0,0,0,1,0,0,0,0,0,0,0,0,0,0,0,0,0,0,0,0,0,0,1,1,620.0,2400.0,0,0,0,0,0,1,0,0,15.926276879693946
412,3,1200.0,1,42,8.31060606060606,7.454545454545454,0,0,0,0,0,1,0,0,1,0,0,0,0,0,0,0,0,0,0,0,0,0,0,0,0,0,0,0,0,0.0,0.0,0,0,0,0,0,0,1,0,8.297320599637114
413,4,500.0,1,42,8.31060606060606,4.857142857142857,0,0,0,0,0,1,0,0,1,0,0,0,1,0,0,0,0,0,0,0,0,0,0,0,0,0,0,0,0,0.0,0.0,0,0,0,0,0,0,1,0,4.901410927952962
414,5,500.0,1,42,8.31060606060606,7.8125,0,1,0,0,0,1,0,0,0,0,0,0,0,0,0,0,0,0,0,0,0,0,0,0,0,0,0,0,0,0.0,0.0,0,0,0,0,0,0,1,0,7.8479609865370215
415,6,1400.0,1,42,8.31060606060606,9.97593984962406,1,0,0,0,0,0,0,0,0,1,0,0,0,0,0,0,0,0,0,0,0,0,0,0,0,0,0,0,0,0.0,0.0,0,0,0,0,0,0,1,0,10.430595746605075
416,7,880.0,1,42,8.31060606060606,10.0,1,0,0,0,0,0,0,0,0,1,0,0,0,0,0,0,0,0,0,0,0,0,0,0,0,0,0,0,0,0.0,0.0,0,0,0,0,0,0,1,0,10.207673383764755
417,8,440.0,1,42,8.31060606060606,9.97593984962406,1,0,0,0,0,0,0,0,0,1,0,0,0,0,0,0,0,0,0,0,0,0,0,0,0,0,0,0,0,0.0,0.0,0,0,0,0,0,0,1,0,9.983188479216231
418,9,400.0,1,42,8.31060606060606,9.97593984962406,1,0,0,0,0,0,0,0,0,1,0,0,0,0,0,0,0,0,0,0,0,0,0,0,0,0,0,0,0,0.0,0.0,0,0,0,0,0,0,1,0,10.013053483812627
375,1,300.0,3,42,8.31060606060606,8.73913043478261,0,0,0,0,0,0,0,0,1,0,0,0,0,0,0,0,0,0,0,0,0,0,0,0,0,0,0,0,0,0.0,0.0,0,0,0,0,0,0,1,0,9.30420649198104
376,2,400.0,3,42,8.31060606060606,13.307692307692308,0,0,0,0,0,0,0,0,0,0,1,0,0,0,0,0,0,0,0,0,0,0,0,0,0,0,0,0,0,0.0,0.0,0,0,0,0,0,0,1,0,13.541374919568423
377,3,300.0,3,42,8.31060606060606,7.428571428571429,0,0,0,0,0,0,0,0,0,0,1,0,0,0,0,0,0,0,0,0,0,0,0,0,0,0,0,0,0,0.0,0.0,0,0,0,0,0,0,1,0,7.713054408852545
378,4,200.0,3,42,8.31060606060606,16.09090909090909,0,0,0,1,0,0,0,0,0,0,1,0,0,0,0,0,0,0,0,0,0,0,0,0,0,0,0,0,0,0.0,0.0,0,0,0,0,0,0,1,0,16.057996851904846
379,5,400.0,3,42,8.31060606060606,7.214285714285714,0,0,0,0,1,0,0,0,0,1,0,0,0,0,0,0,0,0,0,0,0,0,0,0,0,0,0,0,0,0.0,0.0,0,0,0,0,0,0,1,0,7.250740626672972
380,1,300.0,4,42,8.31060606060606,8.73913043478261,0,0,0,0,0,0,0,0,1,0,0,0,0,0,0,0,0,0,0,0,0,0,0,0,0,0,0,0,0,0.0,0.0,0,0,0,0,0,0,1,0,9.34771182285121
381,2,200.0,4,42,8.31060606060606,4.25,0,0,0,1,0,1,0,0,1,0,0,0,0,0,0,0,0,0,0,0,0,0,0,0,0,0,0,0,0,0.0,0.0,0,0,0,0,0,0,1,0,4.3934510406681495
382,3,400.0,4,42,8.31060606060606,9.357142857142858,0,1,0,0,0,0,0,0,0,0,0,0,0,0,0,0,0,0,0,0,0,0,0,0,0,0,0,0,0,0.0,0.0,0,0,0,0,0,0,1,0,9.61698840863233
383,4,400.0,4,42,8.31060606060606,7.066666666666666,0,1,0,0,0,0,0,0,0,1,0,0,0,0,0,0,0,0,0,0,0,0,0,0,0,0,0,0,0,0.0,0.0,0,0,0,0,0,0,1,0,7.380162394579074
384,5,500.0,4,42,8.31060606060606,11.727272727272727,0,0,0,0,0,1,0,0,0,1,0,0,0,0,0,0,0,0,0,0,0,0,0,0,0,0,0,0,0,0.0,0.0,0,0,0,0,0,0,1,0,12.11441920878388
385,6,450.0,4,42,8.31060606060606,9.785714285714286,0,0,0,0,0,1,0,0,0,1,0,0,1,0,0,0,0,0,0,0,0,0,0,0,0,0,0,0,0,0.0,0.0,0,0,0,0,0,0,1,0,9.742750995705116
386,7,450.0,4,42,8.31060606060606,6.7,0,0,0,0,1,1,0,0,0,1,0,0,0,0,0,0,0,0,0,0,0,0,0,0,0,0,0,0,0,0.0,0.0,0,0,0,0,0,0,1,0,6.647548027148492
387,8,200.0,4,42,8.31060606060606,5.777777777777778,0,0,0,1,0,1,0,0,0,0,0,0,0,0,0,0,0,0,0,0,0,0,0,0,0,0,0,0,0,0.0,0.0,0,0,0,0,0,0,1,0,5.996968545641073
388,9,200.0,4,42,8.31060606060606,2.125,0,0,0,1,0,1,0,0,0,0,0,0,0,0,0,0,0,0,0,0,0,0,0,0,0,0,0,0,0,0.0,0.0,0,0,0,0,0,0,1,0,2.4315983901308638
389,1,300.0,5,42,8.31060606060606,8.73913043478261,0,0,0,0,0,0,0,0,1,0,0,0,0,0,0,0,0,0,0,0,0,0,0,0,0,0,0,0,0,0.0,0.0,0,0,0,0,0,0,1,0,9.391217153721378
390,2,400.0,5,42,8.31060606060606,9.357142857142858,0,1,0,0,0,0,0,0,0,0,0,0,0,0,0,0,0,0,0,0,0,0,0,0,0,0,0,0,0,0.0,0.0,0,0,0,0,0,0,1,0,9.607577040516029
391,3,400.0,5,42,8.31060606060606,13.307692307692308,0,0,0,0,0,0,0,0,0,0,1,0,0,0,0,0,0,0,0,0,0,0,0,0,0,0,0,0,0,0.0,0.0,0,0,0,0,0,0,1,0,13.681302280295231
392,4,300.0,5,42,8.31060606060606,7.428571428571429,0,0,0,0,0,0,0,0,0,0,1,0,0,0,0,0,0,0,0,0,0,0,0,0,0,0,0,0,0,0.0,0.0,0,0,0,0,0,0,1,0,7.852981769579355
393,5,200.0,5,42,8.31060606060606,16.09090909090909,0,0,0,1,0,0,0,0,0,0,1,0,0,0,0,0,0,0,0,0,0,0,0,0,0,0,0,0,0,0.0,0.0,0,0,0,0,0,0,1,0,16.197924212631655
394,6,400.0,5,42,8.31060606060606,7.214285714285714,0,0,0,0,1,0,0,0,0,1,0,0,0,0,0,0,0,0,0,0,0,0,0,0,0,0,0,0,0,0.0,0.0,0,0,0,0,0,0,1,0,7.390667987399781
395,7,500.0,5,42,8.31060606060606,7.454545454545454,0,0,0,0,0,1,0,0,1,0,0,0,0,0,0,0,0,0,0,0,0,0,0,0,0,0,0,0,0,0.0,0.0,0,0,0,0,0,0,1,0,8.279604067237372
396,8,450.0,5,42,8.31060606060606,4.857142857142857,0,0,0,0,0,1,0,0,1,0,0,0,1,0,0,0,0,0,0,0,0,0,0,0,0,0,0,0,0,0.0,0.0,0,0,0,0,0,0,1,0,5.258284429391929
397,9,500.0,5,42,8.31060606060606,7.8125,0,1,0,0,0,1,0,0,0,0,0,0,0,0,0,0,0,0,0,0,0,0,0,0,0,0,0,0,0,0.0,0.0,0,0,0,0,0,0,1,0,8.233649105963583
398,1,300.0,6,42,8.31060606060606,8.73913043478261,0,0,0,0,0,0,0,0,1,0,0,0,0,0,0,0,0,0,0,0,0,0,0,0,0,0,0,0,0,0.0,0.0,0,0,0,0,0,0,1,0,9.434722484591548
399,2,200.0,6,42,8.31060606060606,4.25,0,0,0,1,0,1,0,0,1,0,0,0,0,0,0,0,0,0,0,0,0,0,0,0,0,0,0,0,0,0.0,0.0,0,0,0,0,0,0,1,0,4.480461702408488
400,3,400.0,6,42,8.31060606060606,7.066666666666666,0,1,0,0,0,0,0,0,0,1,0,0,0,0,0,0,0,0,0,0,0,0,0,0,0,0,0,0,0,0.0,0.0,0,0,0,0,0,0,1,0,7.414256357332942
401,4,1800.0,6,42,8.31060606060606,9.97593984962406,1,0,0,0,0,0,0,0,1,0,0,0,0,0,0,0,0,0,0,0,0,0,0,0,0,0,0,0,0,0.0,0.0,0,0,0,0,0,0,1,0,11.021034625964125
402,5,1200.0,6,42,8.31060606060606,9.97593984962406,1,0,0,0,0,0,0,0,1,0,0,0,0,0,0,0,0,0,0,0,0,0,0,0,0,0,0,0,0,0.0,0.0,0,0,0,0,0,0,1,0,10.72817590909948
403,6,700.0,6,42,8.31060606060606,7.0,1,0,0,0,0,0,0,0,1,0,0,0,0,0,0,0,0,0,0,0,0,0,0,0,0,0,0,0,0,0.0,0.0,0,0,0,0,0,0,1,0,7.545106539570991
404,7,400.0,6,42,8.31060606060606,9.97593984962406,1,0,0,0,0,0,0,0,1,0,0,0,0,0,0,0,0,0,0,0,0,0,0,0,0,0,0,0,0,0.0,0.0,0,0,0,0,0,0,1,0,10.372975419270933
405,8,1000.0,6,42,8.31060606060606,11.727272727272727,0,0,0,0,0,1,0,0,0,1,0,0,0,0,0,0,0,0,0,0,0,0,0,0,0,0,0,0,0,0.0,0.0,0,0,0,0,0,0,1,0,12.648326147359562
406,9,500.0,6,42,8.31060606060606,9.785714285714286,0,0,0,0,0,1,0,0,0,1,0,0,1,0,0,0,0,0,0,0,0,0,0,0,0,0,0,0,0,0.0,0.0,0,0,0,0,0,0,1,0,10.017326372392459
407,10,500.0,6,42,8.31060606060606,6.7,0,0,0,0,1,1,0,0,0,1,0,0,0,0,0,0,0,0,0,0,0,0,0,0,0,0,0,0,0,0.0,0.0,0,0,0,0,0,0,1,0,6.922123403835835
408,11,200.0,6,42,8.31060606060606,5.777777777777778,0,0,0,1,0,1,0,0,0,0,0,0,0,0,0,0,0,0,0,0,0,0,0,0,0,0,0,0,0,0.0,0.0,0,0,0,0,0,0,1,0,6.2427293043408225
409,12,200.0,6,42,8.31060606060606,2.125,0,0,0,1,0,1,0,0,0,0,0,0,0,0,0,0,0,0,0,0,0,0,0,0,0,0,0,0,0,0.0,0.0,0,0,0,0,0,0,1,0,2.6773591488306137
1155,1,200.0,3,54,9.139240506329115,6.666666666666667,0,0,0,0,0,0,0,0,0,0,0,0,0,0,0,0,1,0,0,0,0,0,0,0,0,1,0,0,0,0.0,0.0,0,0,0,0,0,0,1,0,6.1424975951660326
1156,2,350.0,3,54,9.139240506329115,15.25,0,0,0,0,0,0,0,0,1,0,0,0,0,0,0,0,1,0,0,0,0,0,0,0,0,0,0,1,0,100.0,0.0,0,0,0,0,0,0,1,0,15.26491112937265
1157,3,170.0,3,54,9.139240506329115,15.5,0,0,0,1,0,0,0,0,0,0,0,0,0,0,0,0,1,0,0,0,0,0,0,0,0,0,0,0,0,0.0,0.0,0,0,0,0,0,0,1,0,15.12261804462095
1158,4,160.0,3,54,9.139240506329115,14.6,0,0,0,1,0,0,0,0,0,0,1,0,0,0,0,0,1,0,0,0,0,0,0,0,0,0,0,0,0,0.0,0.0,0,0,0,0,0,0,1,0,14.106803295408788
1159,5,200.0,3,54,9.139240506329115,4.666666666666667,0,0,0,0,0,0,0,0,0,0,0,0,0,0,0,0,0,1,0,0,0,0,0,0,0,1,0,0,0,0.0,0.0,0,0,0,0,0,0,1,0,4.588749309990276
1160,6,200.0,3,54,9.139240506329115,2.0,0,0,0,0,0,0,0,0,0,0,0,0,0,0,0,0,0,0,1,0,0,0,0,0,0,1,0,0,0,0.0,0.0,0,0,0,0,0,0,1,0,1.697378077715836
1161,7,160.0,3,54,9.139240506329115,11.666666666666666,0,0,0,1,0,0,0,0,0,0,0,0,0,0,0,0,0,0,0,0,0,1,0,0,0,0,0,0,0,0.0,0.0,0,0,0,0,0,0,1,0,11.429890856060688
1162,8,160.0,3,54,9.139240506329115,12.2,0,0,0,1,0,0,0,0,0,0,0,0,0,0,0,0,0,1,0,0,0,1,0,0,0,0,0,0,0,0.0,0.0,0,0,0,0,0,0,1,0,12.134177194620872
1163,9,160.0,3,54,9.139240506329115,20.4,0,0,0,1,0,0,0,0,0,0,1,0,0,0,0,0,0,1,0,0,0,0,0,0,0,0,0,0,0,0.0,0.0,0,0,0,0,0,0,1,0,20.332321129315837
1164,10,350.0,3,54,9.139240506329115,3.6,0,0,0,0,0,0,0,0,1,0,0,0,0,0,0,0,0,0,0,1,0,0,0,0,0,0,0,1,0,100.0,0.0,0,0,0,0,0,0,1,0,3.3690099314139825
1165,11,350.0,3,54,9.139240506329115,6.833333333333333,0,0,0,0,0,0,0,0,1,0,0,0,0,0,0,0,0,0,0,0,1,0,0,0,0,0,0,1,0,100.0,0.0,0,0,0,0,0,0,1,0,6.49920687317079
1166,12,170.0,3,54,9.139240506329115,4.4,0,0,0,1,0,0,0,0,0,0,0,0,0,0,0,0,0,0,0,1,0,0,0,0,0,0,0,0,0,0.0,0.0,0,0,0,0,0,0,1,0,3.8244402355273435
1167,13,170.0,3,54,9.139240506329115,6.333333333333333,0,0,0,1,0,0,0,0,0,0,0,0,0,0,0,0,0,0,0,0,1,0,0,0,0,0,0,0,0,0.0,0.0,0,0,0,0,0,0,1,0,5.666912273934761
1168,14,160.0,3,54,9.139240506329115,5.5,0,0,0,1,0,0,0,0,0,0,1,0,0,0,0,0,0,0,0,0,1,0,0,0,0,0,0,0,0,0.0,0.0,0,0,0,0,0,0,1,0,4.717134699253338
1169,15,170.0,3,54,9.139240506329115,5.666666666666667,0,0,0,1,0,0,0,0,0,0,0,0,0,0,0,0,0,0,0,0,1,0,0,0,0,0,0,0,0,0.0,0.0,0,0,0,0,0,0,1,0,5.112373926600324
1170,16,160.0,3,54,9.139240506329115,3.25,0,0,0,1,0,0,0,0,0,0,1,0,0,0,0,0,0,0,0,1,0,0,0,0,0,0,0,0,0,0.0,0.0,0,0,0,0,0,0,1,0,2.7197361787843253
1171,17,160.0,3,54,9.139240506329115,8.0,0,0,0,1,0,0,0,0,0,0,1,0,0,0,0,0,0,0,0,0,1,0,0,0,0,0,0,0,0,0.0,0.0,0,0,0,0,0,0,1,0,7.35227884111542
1172,18,170.0,3,54,9.139240506329115,4.0,0,0,0,1,0,0,0,0,0,0,0,0,0,0,0,0,0,0,0,1,0,0,0,0,0,0,0,0,0,0.0,0.0,0,0,0,0,0,0,1,0,3.7457173822617396
1173,19,170.0,3,54,9.139240506329115,5.0,0,0,0,1,0,0,0,0,0,0,0,0,0,0,0,0,0,0,0,0,1,0,0,0,0,0,0,0,0,0.0,0.0,0,0,0,0,0,0,1,0,4.663668977238827
1174,20,160.0,3,54,9.139240506329115,5.0,0,0,0,1,0,0,0,0,0,0,1,0,0,0,0,0,0,0,0,0,1,0,0,0,0,0,0,0,0,0.0,0.0,0,0,0,0,0,0,1,0,4.539356084191628
1175,1,350.0,4,54,9.139240506329115,6.25,0,0,0,0,0,0,0,0,0,1,0,0,0,0,0,0,1,0,0,0,0,0,0,0,0,0,0,1,0,100.0,0.0,0,0,0,0,0,0,1,0,6.0922525205263325
1176,2,350.0,4,54,9.139240506329115,12.0,0,1,0,0,0,0,0,0,1,0,0,0,0,0,0,0,1,0,0,0,0,0,0,0,0,0,0,1,0,100.0,0.0,0,0,0,0,0,0,1,0,11.810075846014133
1177,3,160.0,4,54,9.139240506329115,10.25,0,0,0,1,0,0,0,0,0,0,1,0,0,0,0,0,1,0,0,0,0,0,0,0,0,0,0,0,0,0.0,0.0,0,0,0,0,0,0,1,0,9.788466289161839
1178,4,160.0,4,54,9.139240506329115,6.4,0,0,0,1,0,0,0,0,0,0,0,0,0,0,0,0,1,0,0,0,0,1,0,0,0,0,0,0,0,0.0,0.0,0,0,0,0,0,0,1,0,6.0050813905704645
1179,5,170.0,4,54,9.139240506329115,11.0,0,0,0,1,0,0,0,0,0,0,0,0,0,0,0,0,1,0,0,0,0,0,0,0,0,0,0,0,0,0.0,0.0,0,0,0,0,0,0,1,0,10.814447492639253
1180,6,350.0,4,54,9.139240506329115,8.8,0,0,0,0,0,0,0,0,1,0,0,0,0,0,0,0,0,1,0,0,0,0,0,0,0,0,0,1,0,100.0,0.0,0,0,0,0,0,0,1,0,9.346686775140308
1181,7,350.0,4,54,9.139240506329115,6.6,0,0,0,0,1,0,0,0,0,0,1,0,0,0,0,0,0,1,0,0,0,0,0,0,0,0,0,1,0,100.0,0.0,0,0,0,0,0,0,1,0,6.257488776848143
1182,8,160.0,4,54,9.139240506329115,19.333333333333332,0,0,0,1,0,0,0,0,0,0,1,0,0,0,0,0,0,1,0,0,0,0,0,0,0,0,0,0,0,0.0,0.0,0,0,0,0,0,0,1,0,19.26631496870773
1183,9,170.0,4,54,9.139240506329115,19.2,0,0,0,1,0,0,0,0,0,0,0,0,0,0,0,0,0,1,0,0,0,0,0,0,0,0,0,0,0,0.0,0.0,0,0,0,0,0,0,1,0,19.364386910666394
1184,10,140.0,4,54,9.139240506329115,8.75,0,0,0,1,0,0,0,0,0,0,0,0,0,0,0,0,0,1,0,0,0,0,0,0,0,0,0,0,0,0.0,0.0,0,0,0,0,0,0,1,0,9.048687731167144
1185,11,350.0,4,54,9.139240506329115,4.25,0,0,0,0,0,0,0,0,0,1,0,0,0,0,0,0,0,0,1,0,0,0,0,0,0,0,0,1,0,100.0,0.0,0,0,0,0,0,0,1,0,4.553203479238005
1186,12,350.0,4,54,9.139240506329115,5.333333333333333,0,0,0,0,1,0,0,0,0,1,0,0,0,0,0,0,0,0,1,0,0,1,0,0,0,0,0,0,0,0.0,0.0,0,0,0,0,0,0,1,0,5.040123785973097
1187,13,140.0,4,54,9.139240506329115,11.333333333333334,0,0,0,1,0,0,0,0,0,0,0,0,0,0,0,0,0,0,0,0,0,1,0,0,0,0,0,0,0,0.0,0.0,0,0,0,0,0,0,1,0,11.449184661000956
1188,14,350.0,4,54,9.139240506329115,3.8,0,0,0,0,1,0,0,0,0,0,1,0,0,0,0,0,0,0,1,0,0,0,0,0,0,0,0,1,0,100.0,0.0,0,0,0,0,0,0,1,0,3.5515433894310506
1189,15,350.0,4,54,9.139240506329115,8.0,0,1,0,0,0,0,0,0,1,0,0,0,0,0,0,0,0,0,1,0,0,0,0,0,0,0,0,1,0,100.0,0.0,0,0,0,0,0,0,1,0,8.448661665763082
1190,16,170.0,4,54,9.139240506329115,8.5,0,0,0,1,0,0,0,0,0,0,0,0,0,0,0,0,0,0,1,0,0,0,0,0,0,0,0,0,0,0.0,0.0,0,0,0,0,0,0,1,0,8.833036341356863
1191,17,160.0,4,54,9.139240506329115,11.0,0,0,0,1,0,0,0,0,0,0,1,0,0,0,0,0,0,0,1,0,0,0,0,0,0,0,0,0,0,0.0,0.0,0,0,0,0,0,0,1,0,11.185117493212333
1192,18,170.0,4,54,9.139240506329115,8.2,0,0,0,1,0,0,0,0,0,0,0,0,0,0,0,0,0,0,1,0,0,0,0,0,0,0,0,0,0,0.0,0.0,0,0,0,0,0,0,1,0,8.641702453941482
1193,1,140.0,5,54,9.139240506329115,9.75,0,0,0,0,0,0,0,0,0,0,0,0,0,0,0,0,0,0,0,0,0,0,0,0,0,0,0,0,0,0.0,0.0,0,0,0,0,0,0,1,0,9.714317726530965
1194,2,140.0,5,54,9.139240506329115,5.5,0,0,0,0,0,0,0,0,0,0,1,0,0,0,0,0,0,0,0,0,0,0,0,0,0,0,0,0,0,0.0,0.0,0,0,0,0,0,0,1,0,5.385897880746741
1195,3,170.0,5,54,9.139240506329115,14.0,0,0,0,1,0,0,0,0,0,0,0,0,0,0,0,0,1,0,0,0,0,0,0,0,0,0,0,0,0,0.0,0.0,0,0,0,0,0,0,1,0,13.723792279419687
1196,4,350.0,5,54,9.139240506329115,4.75,0,0,0,0,1,0,0,0,0,0,1,0,0,0,0,0,1,0,0,0,0,0,0,0,0,0,0,1,0,100.0,0.0,0,0,0,0,0,0,1,0,4.094012262730425
1197,5,160.0,5,54,9.139240506329115,14.833333333333334,0,0,0,1,0,0,0,0,0,0,1,0,0,0,0,0,1,0,0,0,0,0,0,0,0,0,0,0,0,0.0,0.0,0,0,0,0,0,0,1,0,14.477860766993182
1198,6,140.0,5,54,9.139240506329115,5.0,0,0,0,1,0,0,0,0,0,0,0,0,0,0,0,0,1,0,0,0,0,0,0,0,0,0,0,0,0,0.0,0.0,0,0,0,0,0,0,1,0,4.950235043936927
1199,7,350.0,5,54,9.139240506329115,8.75,0,0,0,0,0,0,0,0,0,1,0,0,0,0,0,0,0,1,0,0,0,0,0,0,0,0,0,1,0,100.0,0.0,0,0,0,0,0,0,1,0,9.145352245018493
1200,8,350.0,5,54,9.139240506329115,7.333333333333333,0,1,0,0,0,0,0,0,1,0,0,0,0,0,0,0,0,1,0,0,0,0,0,0,0,0,0,1,0,100.0,0.0,0,0,0,0,0,0,1,0,7.764179308451971
1201,9,350.0,5,54,9.139240506329115,3.2,0,0,0,0,1,0,0,0,0,0,0,0,0,0,0,0,0,1,0,0,0,1,0,0,0,0,0,0,0,0.0,0.0,0,0,0,0,0,0,1,0,3.135384458736725
1202,10,170.0,5,54,9.139240506329115,16.0,0,0,0,1,0,0,0,0,0,0,0,0,0,0,0,0,0,1,0,0,0,0,0,0,0,0,0,0,0,0.0,0.0,0,0,0,0,0,0,1,0,16.291024563047614
1203,11,160.0,5,54,9.139240506329115,18.5,0,0,0,1,0,0,0,0,0,0,1,0,0,0,0,0,0,1,0,0,0,0,0,0,0,0,0,0,0,0.0,0.0,0,0,0,0,0,0,1,0,18.643105714903086
1204,12,170.0,5,54,9.139240506329115,10.2,0,0,0,1,0,0,0,0,0,0,0,0,0,0,0,0,0,1,0,0,0,0,0,0,0,0,0,0,0,0.0,0.0,0,0,0,0,0,0,1,0,10.651623776846359
1205,13,350.0,5,54,9.139240506329115,6.25,0,0,0,0,0,0,0,0,1,0,0,0,0,0,0,0,0,0,1,0,0,0,0,0,0,0,0,1,0,100.0,0.0,0,0,0,0,0,0,1,0,6.931886123083652
1206,14,160.0,5,54,9.139240506329115,10.666666666666666,0,0,0,1,0,0,0,0,0,0,1,0,0,0,0,0,0,0,1,0,0,0,0,0,0,0,0,0,0,0.0,0.0,0,0,0,0,0,0,1,0,10.7396868544694
1207,15,170.0,5,54,9.139240506329115,11.0,0,0,0,1,0,0,0,0,0,0,0,0,0,0,0,0,0,0,1,0,0,0,0,0,0,0,0,0,0,0.0,0.0,0,0,0,0,0,0,1,0,11.300019018143232
1208,16,160.0,5,54,9.139240506329115,11.8,0,0,0,1,0,0,0,0,0,0,0,0,0,0,0,0,0,0,0,0,0,1,0,0,0,0,0,0,0,0.0,0.0,0,0,0,0,0,0,1,0,12.12522615774074
852,1,650.0,4,11,6.450980392156863,10.75,0,0,0,0,0,0,0,0,1,0,0,0,0,0,0,0,0,0,0,0,0,0,0,0,0,0,0,1,0,150.0,0.0,0,0,0,0,0,0,1,0,12.365934314042747
853,2,500.0,4,11,6.450980392156863,8.666666666666666,0,0,0,0,0,0,0,0,0,1,0,0,0,0,0,0,0,0,0,0,0,0,0,0,0,0,0,0,0,0.0,0.0,0,0,0,0,0,0,1,0,10.089827124703465
854,3,500.0,4,11,6.450980392156863,8.5,0,1,0,0,0,0,0,0,0,0,0,0,0,0,0,0,0,0,0,0,0,0,0,0,0,0,0,0,0,0.0,0.0,0,0,0,0,0,0,1,0,9.71951660531297
855,4,700.0,4,11,8.31060606060606,10.5,1,0,0,0,0,1,0,0,1,0,0,0,0,0,0,0,0,0,0,0,0,0,0,0,0,0,0,0,1,0.0,4000.0,0,0,0,0,0,0,1,0,12.001339395781049
856,5,700.0,4,11,8.31060606060606,4.0,1,0,0,0,0,1,0,0,0,1,0,0,0,0,0,0,0,0,0,0,0,0,0,0,0,0,0,0,1,0.0,4000.0,0,0,0,0,0,0,1,0,5.367402898940175
857,6,500.0,4,11,6.450980392156863,6.75,0,1,0,0,0,0,0,0,0,1,0,0,0,0,0,0,0,0,0,0,0,0,0,0,0,0,0,0,0,0.0,0.0,0,0,0,0,0,0,1,0,8.123896797035423
858,7,500.0,4,11,6.450980392156863,5.0,0,0,0,0,0,0,0,0,0,1,0,0,0,0,0,1,0,0,0,0,0,0,0,0,0,0,0,0,0,0.0,0.0,0,0,0,0,0,0,1,0,5.807410196136012
859,8,290.0,4,11,6.450980392156863,7.0,0,0,0,1,0,0,0,0,0,0,0,0,0,0,0,0,0,0,0,0,0,0,0,0,0,0,0,0,0,0.0,0.0,0,0,0,0,0,0,1,0,8.425381052872414
860,9,290.0,4,11,6.450980392156863,5.5,0,0,0,1,0,0,0,0,0,0,1,0,0,0,0,0,0,0,0,0,0,0,0,0,0,0,0,0,0,0.0,0.0,0,0,0,0,0,0,1,0,6.82099465648113
861,10,290.0,4,11,6.450980392156863,4.0,0,0,0,1,0,0,0,0,0,0,1,0,0,0,0,0,0,0,0,0,0,0,0,0,0,0,0,0,0,0.0,0.0,0,0,0,0,0,0,1,0,5.388074928525998
862,11,500.0,4,11,6.450980392156863,7.6,0,0,0,0,1,0,0,0,0,0,1,0,0,0,0,0,0,0,0,0,0,0,0,0,0,0,0,0,0,0.0,0.0,0,0,0,0,0,0,1,0,8.79482336440601
1209,1,350.0,3,14,9.139240506329115,8.8,0,0,0,0,0,0,0,0,1,0,0,0,0,0,0,0,0,1,0,0,0,0,0,0,0,0,0,0,1,0.0,1000.0,0,0,0,0,0,0,0,1,4.437514179259573
1210,2,170.0,3,14,9.139240506329115,10.2,0,0,0,1,0,0,0,0,0,0,0,0,0,0,0,0,0,1,0,0,0,0,0,0,0,0,0,0,0,0.0,0.0,0,0,0,0,0,0,0,1,4.3209905383879414
1211,3,160.0,3,14,9.139240506329115,19.333333333333332,0,0,0,1,0,0,0,0,0,0,1,0,0,0,0,0,0,1,0,0,0,0,0,0,0,0,0,0,0,0.0,0.0,0,0,0,0,0,0,0,1,13.243770556051835
1212,1,350.0,4,14,9.139240506329115,12.0,0,1,0,0,0,0,0,0,1,0,0,0,0,0,0,0,1,0,0,0,0,0,0,0,0,0,0,0,0,0.0,0.0,0,0,0,0,0,0,0,1,6.161811182715127
1213,2,170.0,4,14,9.139240506329115,11.0,0,0,0,1,0,0,0,0,0,0,0,0,0,0,0,0,1,0,0,0,0,0,0,0,0,0,0,0,0,0.0,0.0,0,0,0,0,0,0,0,1,4.941241808826468
1214,3,350.0,4,14,9.139240506329115,8.0,0,1,0,0,0,0,0,0,1,0,0,0,0,0,0,0,0,0,1,0,0,0,0,0,0,0,0,0,1,0.0,700.0,0,0,0,0,0,0,0,1,3.2343893261593655
1215,4,170.0,4,14,9.139240506329115,8.2,0,0,0,1,0,0,0,0,0,0,0,0,0,0,0,0,0,0,1,0,0,0,0,0,0,0,0,0,0,0.0,0.0,0,0,0,0,0,0,0,1,2.1864130812775207
1216,1,350.0,5,14,9.139240506329115,12.0,0,1,0,0,0,0,0,0,1,0,0,0,0,0,0,0,1,0,0,0,0,0,0,0,0,0,0,0,0,0.0,0.0,0,0,0,0,0,0,0,1,6.205316513585296
1217,2,160.0,5,14,9.139240506329115,14.833333333333334,0,0,0,1,0,0,0,0,0,0,1,0,0,0,0,0,1,0,0,0,0,0,0,0,0,0,0,0,0,0.0,0.0,0,0,0,0,0,0,0,1,8.604655083180397
1218,3,350.0,5,14,9.139240506329115,11.0,0,0,0,0,0,0,0,0,1,0,0,0,0,0,0,0,1,0,0,0,0,0,0,0,0,0,0,0,1,0.0,1500.0,0,0,0,0,0,0,0,1,6.557531813166463
1219,4,350.0,5,14,9.139240506329115,7.333333333333333,0,1,0,0,0,0,0,0,1,0,0,0,0,0,0,0,0,1,0,0,0,0,0,0,0,0,0,0,1,0.0,700.0,0,0,0,0,0,0,0,1,2.9732405607400203
1220,5,350.0,5,14,9.139240506329115,8.0,0,0,0,0,0,0,0,0,0,0,0,0,0,0,0,0,0,1,0,0,0,0,0,0,0,0,0,0,1,0.0,1500.0,0,0,0,0,0,0,0,1,3.6800579067813866
1221,6,350.0,5,14,9.139240506329115,6.25,0,0,0,0,0,0,0,0,1,0,0,0,0,0,0,0,0,0,1,0,0,0,0,0,0,0,0,0,1,0.0,1000.0,0,0,0,0,0,0,0,1,1.9603854601001451
1222,7,160.0,5,14,9.139240506329115,11.8,0,0,0,1,0,0,0,0,0,0,0,0,0,0,0,0,0,0,0,0,0,1,0,0,0,0,0,0,0,0.0,0.0,0,0,0,0,0,0,0,1,5.934520280009131
837,1,350.0,2,15,17.212389380530972,17.2,0,1,0,0,0,0,0,1,0,0,0,0,0,0,0,0,0,0,0,0,0,0,0,0,0,0,0,0,0,0.0,0.0,0,0,0,0,0,0,0,1,11.186410717849231
838,2,350.0,2,15,17.212389380530972,9.97593984962406,0,1,0,0,0,0,0,1,0,0,0,0,0,0,0,0,0,0,0,0,0,0,0,0,0,0,0,0,0,0.0,0.0,0,0,0,0,0,0,0,1,4.083479602271833
839,3,350.0,2,15,17.212389380530972,18.6,0,0,0,0,0,0,0,1,0,0,0,0,0,0,0,0,0,0,0,0,0,0,0,1,0,0,0,0,0,0.0,0.0,0,0,0,0,0,0,0,1,13.56655831066156
840,4,350.0,2,15,17.212389380530972,12.8,0,0,0,1,0,0,0,1,0,0,0,0,0,0,0,0,0,0,0,0,0,0,0,0,0,0,0,0,0,0.0,0.0,0,0,0,0,0,0,0,1,7.034846070896527
841,5,350.0,2,15,17.212389380530972,8.75,0,0,0,0,0,0,0,1,0,1,0,0,0,0,0,0,0,0,0,0,0,0,0,0,0,0,0,0,0,0.0,0.0,0,0,0,0,0,0,0,1,3.2859999240742077
842,6,1200.0,2,15,17.212389380530972,13.8,0,0,0,0,0,0,0,0,0,0,1,0,0,0,0,0,0,0,0,0,0,0,0,0,0,0,0,0,0,0.0,0.0,0,0,0,0,0,0,0,1,7.625278762720599
843,7,350.0,2,15,17.212389380530972,10.5,0,0,0,0,0,0,0,1,0,0,0,1,0,0,0,0,0,0,0,0,0,0,0,0,0,0,0,0,0,0.0,0.0,0,0,0,0,0,0,0,1,5.217058096688696
844,8,350.0,2,15,17.212389380530972,9.333333333333334,0,0,0,0,0,0,0,1,1,0,0,0,0,0,0,0,0,0,0,0,0,0,0,0,0,0,0,0,0,0.0,0.0,0,0,0,0,0,0,0,1,4.270803977257977
845,9,350.0,3,15,17.212389380530972,17.2,0,1,0,0,0,0,0,1,0,0,0,0,0,0,0,0,0,0,0,0,0,0,0,0,0,0,0,0,0,0.0,0.0,0,0,0,0,0,0,0,1,11.653249640611165
846,10,350.0,3,15,17.212389380530972,9.97593984962406,0,1,0,0,0,0,0,1,0,0,0,0,0,0,0,0,0,0,0,0,0,0,0,0,0,0,0,0,0,0.0,0.0,0,0,0,0,0,0,0,1,4.5503185250337665
847,11,350.0,3,15,17.212389380530972,18.6,0,0,0,0,0,0,0,1,0,0,0,0,0,0,0,0,0,0,0,0,0,0,0,1,0,0,0,0,0,0.0,0.0,0,0,0,0,0,0,0,1,14.033397233423493
848,12,350.0,3,15,17.212389380530972,12.8,0,0,0,1,0,0,0,1,0,0,0,0,0,0,0,0,0,0,0,0,0,0,0,0,0,0,0,0,0,0.0,0.0,0,0,0,0,0,0,0,1,7.501684993658461
849,13,350.0,3,15,17.212389380530972,8.75,0,0,0,0,0,0,0,1,0,1,0,0,0,0,0,0,0,0,0,0,0,0,0,0,0,0,0,0,0,0.0,0.0,0,0,0,0,0,0,0,1,3.7528388468361413
850,14,350.0,3,15,17.212389380530972,10.5,0,0,0,0,0,0,0,1,0,0,0,1,0,0,0,0,0,0,0,0,0,0,0,0,0,0,0,0,0,0.0,0.0,0,0,0,0,0,0,0,1,5.630980320464159
851,15,350.0,3,15,17.212389380530972,9.333333333333334,0,0,0,0,0,0,0,1,1,0,0,0,0,0,0,0,0,0,0,0,0,0,0,0,0,0,0,0,0,0.0,0.0,0,0,0,0,0,0,0,1,4.68472620103344
